tipo_personal,caracter,presta_servicio_utn,idos
No Docente,Contratado,False,31432
No Docente,Permanente,False,24198
Docente,Contratado,True,47264
No Docente,Permanente,True,1047
Docente,Contratado,True,6210
No Docente,Contratado,False,16510
No Docente,Permanente,True,476
Docente,Permanente,True,34726
Docente,Contratado,True,26460
No Docente,Contratado,False,9388
No Docente,Contratado,True,32317
Docente,Contratado,True,13500
Docente,Permanente,False,17892
Docente,Contratado,False,47064
Docente,Contratado,True,30385
No Docente,Contratado,False,5869
No Docente,Contratado,False,21716
No Docente,Permanente,True,34787
No Docente,Contratado,False,35293
No Docente,Contratado,True,31994
Docente,Contratado,True,21653
Docente,Permanente,False,18676
Docente,Contratado,False,32272
No Docente,Permanente,True,17651
No Docente,Permanente,False,44026
Docente,Contratado,False,44886
Docente,Permanente,True,15193
Docente,Contratado,True,11234
No Docente,Contratado,False,48298
No Docente,Permanente,True,11431
Docente,Contratado,True,2126
No Docente,Contratado,True,11831
No Docente,Permanente,True,37428
Docente,Permanente,True,37772
No Docente,Contratado,True,14870
Docente,Permanente,False,39343
Docente,Permanente,True,29856
No Docente,Permanente,False,30752
No Docente,Permanente,True,38859
Docente,Permanente,False,42696
Docente,Permanente,False,34768
No Docente,Permanente,True,1389
Docente,Permanente,True,24513
Docente,Permanente,False,22226
No Docente,Permanente,False,7901
Docente,Contratado,True,31993
Docente,Contratado,True,47221
No Docente,Contratado,False,8182
Docente,Permanente,True,15029
No Docente,Permanente,False,40992
Docente,Contratado,False,2248
Docente,Permanente,True,3007
No Docente,Permanente,False,27574
Docente,Contratado,False,15111
Docente,Contratado,False,47554
No Docente,Contratado,False,11227
No Docente,Contratado,False,37762
No Docente,Contratado,True,17217
Docente,Contratado,False,28487
No Docente,Contratado,False,42715
Docente,Contratado,False,35972
No Docente,Permanente,False,37396
No Docente,Permanente,False,26016
Docente,Permanente,False,45122
Docente,Contratado,False,44264
Docente,Permanente,True,27596
No Docente,Permanente,True,37087
No Docente,Contratado,True,49185
Docente,Permanente,False,29080
Docente,Contratado,True,45687
No Docente,Contratado,True,45762
No Docente,Contratado,False,8494
No Docente,Permanente,True,25228
No Docente,Permanente,False,38178
No Docente,Contratado,True,30532
Docente,Contratado,False,17420
No Docente,Contratado,False,39905
Docente,Contratado,True,46250
Docente,Contratado,False,28342
No Docente,Contratado,False,25073
Docente,Permanente,True,24010
Docente,Permanente,False,13312
No Docente,Contratado,False,37159
Docente,Contratado,False,13340
No Docente,Permanente,False,31372
No Docente,Permanente,True,20888
No Docente,Permanente,False,1940
Docente,Permanente,False,44291
Docente,Contratado,False,46785
No Docente,Contratado,False,8683
No Docente,Contratado,False,42603
Docente,Permanente,True,31186
No Docente,Permanente,False,35682
Docente,Contratado,False,39860
Docente,Permanente,True,9413
No Docente,Permanente,False,13176
Docente,Contratado,True,28773
No Docente,Contratado,False,44547
Docente,Permanente,True,36348
Docente,Permanente,True,46928
Docente,Contratado,True,34805
No Docente,Contratado,True,11019
No Docente,Contratado,False,3190
No Docente,Contratado,False,1728
Docente,Permanente,False,42249
Docente,Contratado,True,8798
Docente,Contratado,False,42266
Docente,Permanente,False,10097
Docente,Contratado,False,25468
No Docente,Permanente,False,31803
No Docente,Contratado,False,49520
Docente,Contratado,True,28266
Docente,Permanente,True,46509
No Docente,Contratado,False,15400
No Docente,Permanente,True,31910
Docente,Permanente,True,9335
Docente,Permanente,True,7031
No Docente,Permanente,False,40136
Docente,Permanente,False,15370
No Docente,Permanente,True,20593
Docente,Contratado,True,38516
Docente,Permanente,True,33510
No Docente,Contratado,False,36971
No Docente,Permanente,False,3198
No Docente,Permanente,False,44267
No Docente,Contratado,True,20817
Docente,Contratado,True,38634
Docente,Contratado,False,38553
Docente,Permanente,True,40056
Docente,Contratado,True,27916
No Docente,Contratado,True,35844
No Docente,Contratado,True,3668
No Docente,Contratado,True,44399
Docente,Permanente,True,36141
No Docente,Contratado,False,7884
Docente,Contratado,True,36076
No Docente,Permanente,True,31598
Docente,Permanente,True,36299
Docente,Permanente,False,26311
No Docente,Permanente,True,49746
Docente,Contratado,False,5573
No Docente,Permanente,True,42018
No Docente,Contratado,False,4669
No Docente,Permanente,True,5301
Docente,Contratado,True,34644
Docente,Permanente,False,46866
Docente,Permanente,True,39734
No Docente,Contratado,True,11944
No Docente,Contratado,True,40346
No Docente,Contratado,True,28055
Docente,Contratado,True,17583
Docente,Permanente,True,39204
No Docente,Contratado,False,45611
Docente,Permanente,False,18352
No Docente,Permanente,True,3929
No Docente,Contratado,True,39126
No Docente,Permanente,True,24383
Docente,Permanente,True,12616
No Docente,Permanente,False,46029
Docente,Contratado,False,8105
No Docente,Contratado,True,2944
Docente,Contratado,False,27113
No Docente,Permanente,True,36699
Docente,Contratado,False,27725
Docente,Permanente,False,44242
Docente,Contratado,False,13496
No Docente,Contratado,False,19326
No Docente,Contratado,True,11834
Docente,Permanente,True,27059
Docente,Permanente,True,18284
Docente,Contratado,False,44059
Docente,Permanente,True,28101
Docente,Contratado,False,552
No Docente,Contratado,True,12214
Docente,Permanente,False,15833
No Docente,Permanente,True,10382
No Docente,Permanente,True,10673
No Docente,Contratado,True,11377
No Docente,Permanente,True,46825
Docente,Contratado,False,30085
Docente,Permanente,True,10106
No Docente,Contratado,True,17157
No Docente,Contratado,False,9214
No Docente,Permanente,True,38218
No Docente,Contratado,True,6055
No Docente,Permanente,False,22464
No Docente,Permanente,False,41254
No Docente,Contratado,True,14690
No Docente,Permanente,True,18585
Docente,Contratado,False,46909
Docente,Contratado,True,34072
Docente,Contratado,False,24217
Docente,Permanente,False,18848
Docente,Permanente,True,10575
No Docente,Permanente,False,13525
Docente,Permanente,False,34128
No Docente,Contratado,False,42169
Docente,Contratado,False,31093
Docente,Permanente,False,34953
Docente,Permanente,False,49476
No Docente,Permanente,True,7812
No Docente,Permanente,False,28954
Docente,Contratado,True,22162
No Docente,Permanente,False,12001
No Docente,Permanente,False,14880
No Docente,Contratado,False,9500
Docente,Contratado,True,18699
Docente,Permanente,True,48143
Docente,Permanente,True,3207
No Docente,Permanente,True,21506
Docente,Permanente,True,943
Docente,Contratado,False,41964
No Docente,Permanente,False,36612
Docente,Contratado,False,11517
No Docente,Contratado,False,4916
Docente,Contratado,True,11195
Docente,Contratado,True,41873
Docente,Contratado,False,43115
Docente,Permanente,False,2048
No Docente,Permanente,True,21750
Docente,Contratado,True,39797
No Docente,Permanente,True,35470
Docente,Contratado,False,6684
Docente,Permanente,True,47904
Docente,Contratado,False,41102
No Docente,Contratado,True,10808
No Docente,Permanente,False,1294
No Docente,Contratado,False,18190
No Docente,Contratado,False,2907
Docente,Permanente,False,49382
Docente,Contratado,True,48114
Docente,Contratado,False,20325
No Docente,Permanente,True,20665
Docente,Permanente,False,19943
No Docente,Contratado,True,44192
No Docente,Contratado,False,18849
No Docente,Contratado,False,9459
Docente,Contratado,True,34224
No Docente,Permanente,True,18070
No Docente,Contratado,False,46539
No Docente,Permanente,True,24071
No Docente,Contratado,False,28147
No Docente,Permanente,False,6609
No Docente,Permanente,False,14917
Docente,Contratado,False,39812
Docente,Contratado,False,20176
No Docente,Contratado,True,6453
No Docente,Permanente,True,8269
No Docente,Permanente,False,41464
Docente,Permanente,False,46133
No Docente,Permanente,True,47913
Docente,Permanente,True,28330
No Docente,Contratado,False,48224
Docente,Permanente,True,5887
No Docente,Contratado,False,30896
Docente,Contratado,True,45281
No Docente,Permanente,False,10280
No Docente,Permanente,True,3406
Docente,Permanente,True,12724
Docente,Contratado,False,34210
No Docente,Contratado,True,5924
Docente,Contratado,True,38323
Docente,Permanente,True,7360
No Docente,Contratado,False,15806
Docente,Contratado,False,147
Docente,Permanente,True,19968
Docente,Contratado,False,22282
Docente,Contratado,True,1106
No Docente,Permanente,True,28999
Docente,Contratado,True,31692
No Docente,Contratado,False,49094
No Docente,Contratado,False,1428
Docente,Contratado,True,23457
Docente,Contratado,True,9099
No Docente,Contratado,True,32954
Docente,Permanente,False,9501
No Docente,Contratado,False,23850
Docente,Contratado,True,4493
Docente,Contratado,True,46929
No Docente,Permanente,False,45366
No Docente,Contratado,True,38698
No Docente,Contratado,False,7341
Docente,Permanente,True,41581
No Docente,Permanente,False,29656
No Docente,Permanente,True,26023
No Docente,Contratado,True,23183
No Docente,Contratado,False,45757
No Docente,Permanente,False,39331
No Docente,Contratado,False,906
Docente,Permanente,True,13874
No Docente,Contratado,True,18804
Docente,Contratado,False,18298
No Docente,Contratado,True,31782
No Docente,Permanente,True,49686
No Docente,Permanente,False,4070
No Docente,Permanente,False,33225
No Docente,Permanente,True,29621
Docente,Permanente,False,21981
Docente,Permanente,True,19164
No Docente,Permanente,False,17822
Docente,Contratado,False,16954
No Docente,Contratado,False,8138
No Docente,Permanente,False,38321
Docente,Contratado,True,6591
No Docente,Contratado,False,406
Docente,Permanente,False,32635
Docente,Contratado,False,35555
Docente,Permanente,False,36454
No Docente,Permanente,True,40004
Docente,Permanente,False,4943
No Docente,Contratado,True,39013
Docente,Contratado,False,234
No Docente,Contratado,False,3093
No Docente,Permanente,False,23125
No Docente,Contratado,False,35400
No Docente,Contratado,True,43366
No Docente,Contratado,True,7847
No Docente,Contratado,False,12127
Docente,Permanente,False,17717
No Docente,Permanente,True,42175
No Docente,Contratado,False,44986
No Docente,Permanente,True,23385
No Docente,Permanente,True,45363
No Docente,Contratado,True,26660
Docente,Permanente,True,42494
Docente,Contratado,True,15947
No Docente,Contratado,False,5258
No Docente,Permanente,False,29462
No Docente,Contratado,False,21722
Docente,Contratado,False,21800
No Docente,Contratado,True,40714
No Docente,Contratado,True,30530
Docente,Contratado,False,16603
Docente,Contratado,True,12384
No Docente,Contratado,False,42302
No Docente,Contratado,True,23380
No Docente,Contratado,True,43623
Docente,Contratado,False,32315
No Docente,Contratado,True,17095
Docente,Contratado,True,31613
Docente,Contratado,False,17078
Docente,Permanente,True,45653
No Docente,Permanente,True,15185
No Docente,Contratado,True,38169
Docente,Contratado,True,1466
No Docente,Permanente,False,2838
Docente,Permanente,False,30334
No Docente,Permanente,False,7012
No Docente,Contratado,False,16219
No Docente,Permanente,False,38932
No Docente,Contratado,True,20879
No Docente,Permanente,False,27402
Docente,Contratado,True,1656
No Docente,Permanente,True,31778
Docente,Contratado,False,13130
No Docente,Contratado,False,13200
Docente,Contratado,False,10723
Docente,Contratado,True,47426
No Docente,Contratado,True,5248
No Docente,Contratado,False,11492
No Docente,Permanente,False,30833
Docente,Contratado,True,38547
Docente,Contratado,True,20526
Docente,Contratado,False,47582
Docente,Contratado,False,36246
No Docente,Contratado,True,26490
Docente,Permanente,False,42132
No Docente,Permanente,False,14045
Docente,Permanente,True,11096
No Docente,Permanente,False,29180
Docente,Permanente,False,15357
Docente,Permanente,True,27683
Docente,Permanente,True,16872
Docente,Permanente,True,8776
Docente,Contratado,True,19363
No Docente,Contratado,True,29704
No Docente,Permanente,True,49489
Docente,Permanente,False,13441
No Docente,Contratado,True,18049
No Docente,Contratado,False,33079
Docente,Permanente,True,26467
No Docente,Contratado,True,9481
No Docente,Permanente,False,21781
Docente,Contratado,True,35202
No Docente,Contratado,False,39999
Docente,Permanente,True,12590
Docente,Contratado,False,17341
No Docente,Permanente,True,36973
Docente,Contratado,True,48115
No Docente,Permanente,False,46374
No Docente,Permanente,True,26771
Docente,Permanente,True,48318
No Docente,Contratado,False,38591
No Docente,Contratado,True,42784
No Docente,Contratado,True,28215
Docente,Contratado,False,39112
No Docente,Contratado,False,16339
No Docente,Contratado,False,27597
No Docente,Permanente,True,36080
No Docente,Contratado,False,226
Docente,Contratado,True,28858
No Docente,Contratado,True,31703
No Docente,Contratado,False,43571
No Docente,Contratado,False,19502
Docente,Permanente,False,43631
Docente,Contratado,True,22432
No Docente,Permanente,True,23045
No Docente,Permanente,False,22581
Docente,Permanente,True,25192
No Docente,Contratado,False,13547
No Docente,Contratado,True,27720
Docente,Permanente,False,18142
No Docente,Contratado,False,29699
No Docente,Contratado,True,26833
No Docente,Contratado,True,47019
Docente,Contratado,True,33325
Docente,Permanente,True,19204
No Docente,Permanente,True,29481
No Docente,Contratado,True,5555
No Docente,Contratado,False,13383
Docente,Permanente,True,49436
No Docente,Permanente,True,24859
No Docente,Permanente,False,37178
No Docente,Permanente,True,36813
No Docente,Permanente,False,12410
Docente,Permanente,False,12002
Docente,Contratado,False,11929
No Docente,Permanente,False,44457
Docente,Permanente,False,35301
Docente,Permanente,True,7628
No Docente,Contratado,True,5277
Docente,Contratado,False,40420
No Docente,Contratado,False,14277
Docente,Contratado,True,20158
No Docente,Contratado,False,4267
No Docente,Permanente,False,12665
No Docente,Contratado,True,11287
Docente,Permanente,False,38798
Docente,Contratado,True,35180
No Docente,Permanente,True,4685
Docente,Contratado,False,32594
No Docente,Contratado,False,15642
Docente,Permanente,True,33211
No Docente,Permanente,True,36882
Docente,Permanente,False,32201
Docente,Contratado,False,18852
Docente,Contratado,False,42331
No Docente,Contratado,False,29997
No Docente,Contratado,False,28359
No Docente,Contratado,False,38048
No Docente,Contratado,False,40563
No Docente,Permanente,True,47975
No Docente,Permanente,True,40429
Docente,Permanente,True,19630
Docente,Permanente,True,16654
Docente,Contratado,False,13296
No Docente,Permanente,False,14009
No Docente,Permanente,True,11387
No Docente,Permanente,True,18926
Docente,Contratado,False,27774
No Docente,Permanente,False,7510
Docente,Permanente,False,22419
No Docente,Contratado,True,13429
No Docente,Permanente,False,3576
No Docente,Contratado,True,34928
Docente,Contratado,False,24388
No Docente,Permanente,True,44720
Docente,Permanente,False,18901
Docente,Permanente,True,37382
No Docente,Contratado,True,37167
Docente,Contratado,False,5973
Docente,Permanente,True,39430
Docente,Contratado,True,41447
No Docente,Contratado,False,23500
Docente,Permanente,False,12899
Docente,Contratado,False,18400
Docente,Contratado,True,44393
No Docente,Contratado,False,22853
Docente,Contratado,False,35461
Docente,Permanente,True,31423
Docente,Permanente,True,18083
Docente,Permanente,True,2538
No Docente,Contratado,True,28191
Docente,Contratado,True,10623
Docente,Permanente,True,33058
Docente,Permanente,False,4282
Docente,Contratado,True,12685
No Docente,Permanente,False,2181
Docente,Contratado,True,8565
No Docente,Permanente,True,37589
Docente,Contratado,False,21492
Docente,Permanente,False,48586
Docente,Contratado,True,46010
No Docente,Contratado,False,6666
Docente,Permanente,False,40884
No Docente,Permanente,True,34647
Docente,Contratado,True,45218
No Docente,Permanente,True,34951
Docente,Permanente,True,36715
Docente,Contratado,True,46536
Docente,Contratado,True,46414
No Docente,Contratado,True,31936
No Docente,Contratado,True,32795
No Docente,Contratado,False,11846
Docente,Permanente,True,5185
No Docente,Contratado,False,41202
Docente,Permanente,True,13663
No Docente,Contratado,False,40014
No Docente,Contratado,False,39593
No Docente,Permanente,True,32599
No Docente,Permanente,True,28825
No Docente,Permanente,True,32070
No Docente,Contratado,True,12298
Docente,Contratado,True,39770
No Docente,Permanente,True,21597
Docente,Permanente,True,49063
Docente,Contratado,True,22273
No Docente,Contratado,True,41800
No Docente,Contratado,True,5787
Docente,Permanente,False,47894
No Docente,Permanente,False,30442
Docente,Permanente,False,13377
No Docente,Permanente,True,16871
No Docente,Contratado,True,35235
Docente,Contratado,False,7406
No Docente,Permanente,True,19009
No Docente,Contratado,True,25738
Docente,Permanente,True,40611
Docente,Permanente,False,39350
No Docente,Permanente,True,38795
Docente,Permanente,True,21726
Docente,Contratado,True,19123
No Docente,Permanente,False,40544
Docente,Permanente,True,9690
Docente,Contratado,True,49671
No Docente,Permanente,False,44889
No Docente,Permanente,False,15334
Docente,Permanente,False,1546
No Docente,Permanente,False,33000
Docente,Contratado,True,42270
No Docente,Permanente,False,30023
No Docente,Permanente,True,20756
No Docente,Contratado,True,28459
Docente,Permanente,True,10087
Docente,Permanente,True,41361
Docente,Permanente,False,26944
Docente,Contratado,True,42646
Docente,Permanente,True,47117
Docente,Permanente,True,30200
Docente,Permanente,False,36477
Docente,Contratado,False,38382
No Docente,Permanente,False,10745
No Docente,Permanente,False,8593
Docente,Contratado,True,45944
No Docente,Contratado,False,16659
Docente,Contratado,True,37481
No Docente,Contratado,True,41956
Docente,Permanente,True,34025
No Docente,Permanente,True,9676
Docente,Permanente,True,31153
Docente,Contratado,False,12219
Docente,Contratado,False,30916
No Docente,Contratado,True,38738
No Docente,Permanente,False,12427
Docente,Contratado,True,3295
No Docente,Contratado,False,28696
No Docente,Contratado,True,24709
Docente,Contratado,False,36661
Docente,Contratado,False,16594
Docente,Contratado,True,48044
Docente,Contratado,False,32403
Docente,Contratado,False,40299
No Docente,Permanente,True,46045
No Docente,Contratado,False,19177
No Docente,Permanente,True,21245
No Docente,Permanente,False,34457
No Docente,Contratado,True,25136
Docente,Contratado,True,24396
Docente,Contratado,True,20982
Docente,Permanente,False,10877
No Docente,Contratado,False,32185
Docente,Permanente,True,16785
Docente,Permanente,False,13923
Docente,Permanente,True,46655
Docente,Permanente,False,13215
No Docente,Contratado,False,14339
No Docente,Permanente,False,9479
Docente,Contratado,True,36104
No Docente,Contratado,True,30998
No Docente,Permanente,False,18984
No Docente,Permanente,True,21093
No Docente,Contratado,False,43559
No Docente,Permanente,True,42645
Docente,Contratado,True,3392
Docente,Contratado,False,6460
Docente,Contratado,True,46412
No Docente,Permanente,False,13289
Docente,Contratado,True,8396
No Docente,Permanente,True,33338
Docente,Permanente,False,16842
Docente,Contratado,False,18927
No Docente,Permanente,False,40780
Docente,Permanente,False,27928
No Docente,Permanente,False,39750
No Docente,Contratado,False,20918
No Docente,Contratado,False,47753
Docente,Contratado,False,10581
Docente,Contratado,True,28920
Docente,Permanente,True,5827
Docente,Contratado,False,33962
Docente,Permanente,True,18890
No Docente,Contratado,False,34636
Docente,Permanente,True,30736
No Docente,Permanente,False,657
Docente,Permanente,True,25790
Docente,Contratado,True,48215
Docente,Permanente,True,30431
Docente,Permanente,False,31668
No Docente,Contratado,True,37709
No Docente,Permanente,False,5482
Docente,Contratado,False,34245
No Docente,Contratado,False,27337
No Docente,Permanente,False,13797
Docente,Permanente,False,37245
Docente,Permanente,False,33885
Docente,Contratado,True,42273
No Docente,Permanente,False,21614
No Docente,Permanente,True,5618
Docente,Contratado,True,1780
Docente,Permanente,False,14605
Docente,Contratado,True,43574
No Docente,Contratado,True,6667
No Docente,Permanente,True,4044
No Docente,Contratado,True,6661
Docente,Contratado,False,4779
No Docente,Contratado,True,34957
Docente,Contratado,True,37621
No Docente,Permanente,False,49731
No Docente,Contratado,False,5870
Docente,Permanente,True,37196
Docente,Permanente,False,15337
Docente,Permanente,True,44433
No Docente,Contratado,True,776
No Docente,Contratado,False,1575
No Docente,Contratado,False,26541
No Docente,Contratado,True,13848
Docente,Permanente,True,389
No Docente,Contratado,False,3855
No Docente,Contratado,True,5429
Docente,Permanente,False,37489
Docente,Permanente,False,26342
No Docente,Contratado,True,48662
Docente,Permanente,False,41545
No Docente,Contratado,True,1494
Docente,Contratado,True,25830
No Docente,Permanente,True,4565
Docente,Contratado,True,16543
Docente,Permanente,True,47944
Docente,Contratado,True,38502
No Docente,Contratado,True,7327
No Docente,Permanente,False,39354
Docente,Permanente,False,47465
No Docente,Contratado,False,41982
Docente,Permanente,True,22196
No Docente,Contratado,True,16470
Docente,Contratado,True,25893
Docente,Contratado,True,24874
No Docente,Permanente,True,45831
Docente,Permanente,True,43768
No Docente,Contratado,False,23632
No Docente,Permanente,True,32475
No Docente,Contratado,True,39390
No Docente,Contratado,False,46984
Docente,Contratado,True,3870
Docente,Permanente,False,28268
No Docente,Permanente,False,45576
No Docente,Contratado,False,42443
Docente,Contratado,False,38266
No Docente,Contratado,False,36159
Docente,Permanente,False,46704
No Docente,Permanente,True,22735
Docente,Contratado,False,20457
No Docente,Permanente,True,7639
Docente,Permanente,True,40338
Docente,Contratado,True,6839
Docente,Permanente,False,32789
No Docente,Contratado,False,8796
No Docente,Contratado,False,7575
No Docente,Permanente,True,41637
No Docente,Permanente,False,19468
No Docente,Contratado,False,26763
No Docente,Permanente,True,38867
No Docente,Contratado,False,43261
No Docente,Permanente,True,18092
No Docente,Permanente,True,46070
No Docente,Permanente,True,21422
No Docente,Permanente,False,27789
No Docente,Permanente,False,35405
Docente,Permanente,True,27219
No Docente,Permanente,True,727
Docente,Permanente,True,41634
No Docente,Permanente,False,31258
No Docente,Permanente,False,11084
Docente,Permanente,True,17897
Docente,Permanente,False,38345
No Docente,Contratado,False,13083
No Docente,Contratado,True,7203
No Docente,Permanente,True,18404
No Docente,Contratado,True,46326
Docente,Contratado,True,34761
No Docente,Contratado,False,6001
Docente,Contratado,True,5895
Docente,Permanente,False,46033
No Docente,Permanente,True,951
No Docente,Permanente,True,12007
No Docente,Contratado,False,8407
No Docente,Contratado,False,32937
No Docente,Permanente,True,29485
No Docente,Permanente,True,35296
Docente,Permanente,True,47508
No Docente,Contratado,True,34731
No Docente,Permanente,False,49345
Docente,Contratado,False,47617
No Docente,Contratado,True,41013
Docente,Contratado,False,27164
No Docente,Contratado,True,1218
No Docente,Permanente,True,28897
No Docente,Contratado,False,16937
No Docente,Contratado,True,21649
Docente,Permanente,True,28653
No Docente,Contratado,True,36032
No Docente,Permanente,True,5274
No Docente,Permanente,False,21153
Docente,Contratado,False,34691
Docente,Permanente,False,12357
Docente,Permanente,False,48353
Docente,Contratado,True,10639
Docente,Contratado,True,23800
No Docente,Contratado,False,25614
No Docente,Permanente,False,17882
Docente,Contratado,True,32222
Docente,Contratado,True,46252
Docente,Permanente,False,14471
Docente,Permanente,True,25709
No Docente,Contratado,False,17677
No Docente,Permanente,False,34895
No Docente,Contratado,True,10845
Docente,Contratado,False,40191
No Docente,Contratado,False,6485
No Docente,Permanente,False,24412
No Docente,Permanente,True,32944
No Docente,Permanente,True,46493
No Docente,Permanente,True,1580
Docente,Permanente,True,29277
No Docente,Permanente,False,4182
No Docente,Contratado,True,9990
Docente,Contratado,True,9751
Docente,Contratado,True,14845
No Docente,Permanente,False,46038
Docente,Contratado,True,28134
Docente,Permanente,False,11023
No Docente,Permanente,True,17269
Docente,Permanente,False,9928
No Docente,Permanente,False,47641
No Docente,Permanente,False,19229
No Docente,Contratado,False,33687
Docente,Contratado,False,177
Docente,Permanente,True,42740
Docente,Permanente,False,49610
No Docente,Permanente,True,22866
No Docente,Permanente,False,35240
No Docente,Permanente,False,9972
Docente,Contratado,True,41273
Docente,Permanente,False,15650
Docente,Contratado,True,25754
No Docente,Contratado,False,24699
No Docente,Contratado,True,11045
Docente,Contratado,False,29030
Docente,Contratado,False,45811
Docente,Permanente,False,46934
No Docente,Permanente,False,6645
Docente,Permanente,True,9465
No Docente,Permanente,False,5431
No Docente,Permanente,True,35036
No Docente,Contratado,False,39889
No Docente,Contratado,True,25942
Docente,Permanente,False,12614
Docente,Contratado,False,38174
Docente,Permanente,True,36183
Docente,Permanente,False,43187
Docente,Permanente,False,27610
Docente,Contratado,True,49842
No Docente,Permanente,True,29437
Docente,Permanente,True,43841
Docente,Permanente,True,22962
No Docente,Permanente,False,20220
No Docente,Contratado,False,48345
No Docente,Contratado,False,8966
Docente,Permanente,False,27731
Docente,Permanente,True,8730
Docente,Contratado,True,28914
No Docente,Permanente,False,38134
Docente,Permanente,False,43222
Docente,Permanente,False,40810
No Docente,Contratado,True,40064
No Docente,Permanente,True,28008
Docente,Contratado,True,7208
Docente,Permanente,False,37086
No Docente,Contratado,False,15484
No Docente,Contratado,True,36086
Docente,Permanente,False,15054
No Docente,Contratado,True,43483
Docente,Permanente,False,25568
Docente,Permanente,True,24740
Docente,Contratado,True,39635
No Docente,Contratado,True,44076
No Docente,Permanente,False,22194
No Docente,Permanente,False,44958
No Docente,Contratado,True,32699
No Docente,Permanente,True,6065
Docente,Contratado,False,3262
Docente,Permanente,False,30804
Docente,Contratado,False,35782
Docente,Contratado,False,34500
Docente,Contratado,True,1267
Docente,Contratado,False,21021
Docente,Permanente,True,27940
No Docente,Contratado,True,8556
No Docente,Contratado,False,39304
No Docente,Permanente,False,40904
Docente,Permanente,False,28925
Docente,Contratado,True,29110
No Docente,Contratado,True,32480
No Docente,Permanente,True,39520
Docente,Contratado,False,35126
Docente,Contratado,False,16693
No Docente,Contratado,True,13121
No Docente,Permanente,True,10474
No Docente,Contratado,False,40841
No Docente,Permanente,True,39454
No Docente,Contratado,False,39275
No Docente,Contratado,False,20527
Docente,Permanente,True,38662
No Docente,Contratado,False,42857
Docente,Permanente,True,40386
No Docente,Contratado,False,22101
Docente,Permanente,False,27445
Docente,Contratado,False,5477
Docente,Permanente,False,29310
Docente,Permanente,True,31307
Docente,Contratado,False,23417
No Docente,Permanente,True,2193
Docente,Contratado,False,26309
No Docente,Permanente,True,33730
No Docente,Contratado,True,41792
Docente,Permanente,True,878
No Docente,Contratado,False,1377
Docente,Permanente,True,15974
Docente,Contratado,False,31815
No Docente,Permanente,True,18604
No Docente,Contratado,False,41074
Docente,Permanente,False,34517
Docente,Permanente,True,22404
Docente,Contratado,True,47804
No Docente,Contratado,True,22887
Docente,Contratado,False,46635
Docente,Permanente,True,44035
Docente,Permanente,False,8322
Docente,Contratado,True,12632
No Docente,Permanente,True,45903
No Docente,Contratado,True,10696
No Docente,Contratado,True,30045
Docente,Contratado,True,33945
No Docente,Contratado,False,17874
No Docente,Permanente,False,10793
No Docente,Contratado,True,30548
No Docente,Contratado,False,15701
No Docente,Contratado,True,47222
No Docente,Contratado,False,11955
No Docente,Contratado,True,32547
Docente,Contratado,False,35898
No Docente,Permanente,True,29141
Docente,Contratado,True,47388
No Docente,Permanente,True,46889
No Docente,Contratado,True,40897
Docente,Contratado,True,10189
No Docente,Contratado,True,21938
Docente,Contratado,False,36701
Docente,Permanente,True,10259
No Docente,Contratado,True,29364
Docente,Contratado,False,11044
Docente,Permanente,False,18722
No Docente,Contratado,True,45785
No Docente,Permanente,True,31623
Docente,Contratado,False,37344
Docente,Permanente,True,33877
Docente,Permanente,True,44365
Docente,Permanente,True,41662
No Docente,Permanente,True,16751
No Docente,Contratado,True,31546
Docente,Permanente,True,43273
Docente,Permanente,True,43153
No Docente,Permanente,False,1922
Docente,Contratado,False,37205
Docente,Contratado,False,19092
Docente,Contratado,False,38824
Docente,Contratado,True,29626
Docente,Permanente,True,49543
Docente,Contratado,False,22116
No Docente,Permanente,False,31128
Docente,Permanente,True,43540
Docente,Permanente,False,43844
No Docente,Permanente,True,35125
No Docente,Permanente,True,1659
No Docente,Contratado,True,45023
Docente,Permanente,False,11400
Docente,Permanente,True,41365
No Docente,Permanente,False,1352
Docente,Permanente,True,27921
No Docente,Contratado,False,39556
No Docente,Contratado,True,17102
No Docente,Permanente,False,13356
Docente,Contratado,False,17224
No Docente,Contratado,False,33632
No Docente,Contratado,True,31289
No Docente,Permanente,False,37601
No Docente,Contratado,True,16095
No Docente,Permanente,True,31042
No Docente,Contratado,False,1847
No Docente,Permanente,True,18108
No Docente,Contratado,False,25899
Docente,Permanente,True,45977
No Docente,Permanente,False,46416
No Docente,Permanente,True,3693
No Docente,Contratado,True,17937
No Docente,Contratado,False,17123
Docente,Contratado,True,37377
Docente,Permanente,True,9114
Docente,Contratado,True,31922
Docente,Contratado,False,26837
Docente,Permanente,True,46489
Docente,Contratado,False,34718
No Docente,Contratado,False,25795
No Docente,Contratado,False,10625
Docente,Permanente,True,29119
No Docente,Contratado,False,45698
No Docente,Contratado,False,4918
No Docente,Contratado,False,30737
Docente,Permanente,True,16999
No Docente,Contratado,False,156
Docente,Contratado,False,49483
Docente,Contratado,False,4037
Docente,Contratado,True,13146
No Docente,Permanente,True,33081
Docente,Permanente,True,19986
No Docente,Permanente,False,11209
Docente,Permanente,False,18403
No Docente,Permanente,True,20734
No Docente,Contratado,False,4595
Docente,Permanente,True,37818
Docente,Contratado,False,9180
Docente,Permanente,False,10040
No Docente,Permanente,True,29779
No Docente,Contratado,False,12379
No Docente,Contratado,False,4126
Docente,Permanente,False,13631
No Docente,Contratado,True,41347
Docente,Permanente,True,328
Docente,Contratado,False,28145
No Docente,Contratado,False,10168
No Docente,Contratado,True,28522
No Docente,Contratado,False,19157
No Docente,Contratado,False,26256
No Docente,Permanente,False,49560
Docente,Contratado,True,7936
Docente,Permanente,False,43349
No Docente,Permanente,True,6033
Docente,Permanente,False,45313
Docente,Permanente,False,16254
Docente,Contratado,False,27764
Docente,Contratado,True,19927
No Docente,Permanente,False,47738
No Docente,Permanente,True,18732
No Docente,Permanente,True,25772
Docente,Contratado,False,930
No Docente,Permanente,False,25959
No Docente,Contratado,True,34098
Docente,Contratado,False,36252
Docente,Permanente,True,40705
Docente,Permanente,False,40262
Docente,Permanente,False,38480
No Docente,Contratado,True,30093
No Docente,Permanente,True,46199
No Docente,Contratado,True,28840
No Docente,Permanente,False,21413
Docente,Permanente,False,44744
Docente,Permanente,False,6233
Docente,Permanente,True,14561
Docente,Permanente,True,18148
Docente,Permanente,True,7069
No Docente,Contratado,True,7333
Docente,Contratado,False,9429
No Docente,Contratado,True,44382
Docente,Permanente,False,10996
Docente,Permanente,False,23060
Docente,Permanente,False,22382
No Docente,Contratado,True,47479
No Docente,Permanente,False,22112
Docente,Contratado,True,29851
Docente,Contratado,False,46523
Docente,Contratado,True,43612
Docente,Permanente,False,35563
Docente,Contratado,True,35854
Docente,Permanente,True,47581
No Docente,Permanente,True,17685
Docente,Contratado,True,22148
Docente,Permanente,True,20348
Docente,Permanente,False,40357
Docente,Contratado,True,1164
Docente,Contratado,True,27172
No Docente,Contratado,False,35414
Docente,Contratado,False,19530
Docente,Permanente,False,5180
No Docente,Contratado,False,41638
No Docente,Permanente,False,27583
Docente,Contratado,False,24751
No Docente,Contratado,True,2556
No Docente,Permanente,True,25030
Docente,Contratado,True,31964
No Docente,Permanente,True,20979
Docente,Contratado,False,12778
No Docente,Contratado,False,32086
Docente,Contratado,False,42436
No Docente,Contratado,True,5218
Docente,Permanente,False,18251
No Docente,Permanente,True,37027
Docente,Contratado,False,37325
Docente,Contratado,False,13110
No Docente,Contratado,True,35119
Docente,Contratado,False,28207
Docente,Contratado,True,13642
Docente,Contratado,True,15888
Docente,Contratado,True,29507
No Docente,Permanente,False,28931
No Docente,Permanente,True,34638
Docente,Contratado,False,32593
No Docente,Contratado,True,41082
No Docente,Contratado,True,10065
No Docente,Contratado,True,7596
No Docente,Contratado,True,47612
No Docente,Contratado,True,41380
No Docente,Contratado,True,49133
No Docente,Contratado,False,31189
Docente,Permanente,False,5802
No Docente,Contratado,False,7870
Docente,Contratado,False,5450
Docente,Contratado,False,29965
No Docente,Permanente,True,27360
No Docente,Permanente,True,6857
No Docente,Contratado,False,2605
Docente,Contratado,False,11404
No Docente,Contratado,True,6043
No Docente,Permanente,True,36605
Docente,Permanente,False,18880
No Docente,Permanente,True,10324
Docente,Contratado,True,33145
Docente,Contratado,True,46524
No Docente,Contratado,True,1227
Docente,Contratado,False,23222
No Docente,Contratado,True,13276
No Docente,Permanente,False,9403
Docente,Permanente,False,12874
Docente,Permanente,True,12770
Docente,Permanente,False,2463
No Docente,Permanente,True,38920
Docente,Contratado,False,13573
No Docente,Permanente,True,33494
Docente,Permanente,True,3283
No Docente,Contratado,True,6532
Docente,Contratado,False,21408
No Docente,Contratado,True,12329
No Docente,Permanente,True,21179
Docente,Permanente,False,31882
No Docente,Contratado,True,38554
No Docente,Permanente,True,25962
No Docente,Contratado,False,29816
Docente,Permanente,False,13563
No Docente,Contratado,True,8714
Docente,Contratado,True,9693
No Docente,Permanente,True,983
No Docente,Permanente,True,1121
Docente,Contratado,True,7338
No Docente,Permanente,True,4962
Docente,Contratado,True,23065
No Docente,Permanente,False,35200
Docente,Permanente,False,47203
No Docente,Permanente,True,3627
No Docente,Contratado,False,7862
No Docente,Permanente,False,1437
No Docente,Contratado,False,20432
No Docente,Permanente,False,5492
Docente,Contratado,True,11392
Docente,Permanente,False,49978
No Docente,Contratado,False,14766
Docente,Contratado,True,22988
No Docente,Contratado,False,5126
No Docente,Permanente,False,1305
Docente,Contratado,False,1595
No Docente,Permanente,True,42721
No Docente,Contratado,False,10268
Docente,Contratado,True,27471
No Docente,Contratado,False,17940
Docente,Permanente,True,34471
No Docente,Contratado,False,34736
No Docente,Permanente,True,22336
Docente,Contratado,False,46575
Docente,Permanente,True,23333
Docente,Permanente,True,5420
No Docente,Permanente,False,3078
Docente,Contratado,True,23056
Docente,Permanente,True,41894
Docente,Contratado,True,35524
Docente,Contratado,True,7397
Docente,Permanente,True,47615
No Docente,Permanente,False,8878
No Docente,Permanente,True,38465
No Docente,Permanente,False,27389
Docente,Contratado,False,37747
Docente,Permanente,True,38743
Docente,Contratado,False,22413
No Docente,Permanente,False,6400
Docente,Contratado,True,7991
No Docente,Permanente,True,16956
No Docente,Permanente,True,6112
Docente,Permanente,True,32848
Docente,Contratado,False,3869
Docente,Contratado,True,39798
No Docente,Contratado,True,358
Docente,Permanente,True,44260
No Docente,Contratado,False,15914
Docente,Permanente,True,19958
No Docente,Permanente,True,48863
Docente,Contratado,False,31147
Docente,Permanente,False,47882
Docente,Permanente,True,12884
No Docente,Contratado,False,46413
No Docente,Contratado,True,16180
No Docente,Contratado,False,22900
No Docente,Contratado,True,31677
No Docente,Contratado,True,15470
No Docente,Permanente,True,38827
Docente,Permanente,True,39690
No Docente,Permanente,True,44032
No Docente,Contratado,True,29323
No Docente,Permanente,True,2529
Docente,Permanente,False,6800
Docente,Contratado,True,14402
No Docente,Contratado,True,14560
No Docente,Contratado,False,46912
Docente,Permanente,False,18728
No Docente,Contratado,True,47838
Docente,Permanente,True,13574
Docente,Permanente,False,47706
No Docente,Permanente,True,30889
No Docente,Contratado,False,9702
Docente,Contratado,False,6777
Docente,Contratado,True,18917
Docente,Contratado,False,36505
No Docente,Contratado,True,5959
No Docente,Permanente,True,11630
No Docente,Permanente,True,185
Docente,Contratado,False,30756
No Docente,Permanente,True,25343
Docente,Permanente,False,6637
No Docente,Permanente,True,44653
Docente,Permanente,False,23320
Docente,Contratado,True,7354
Docente,Permanente,False,41796
No Docente,Contratado,False,3357
Docente,Contratado,True,12800
Docente,Contratado,False,49010
No Docente,Contratado,True,9756
Docente,Permanente,False,1662
Docente,Permanente,True,25699
Docente,Contratado,False,6620
No Docente,Permanente,False,16243
Docente,Permanente,True,29630
Docente,Permanente,True,29687
Docente,Contratado,True,12429
Docente,Contratado,True,43328
No Docente,Contratado,False,29756
No Docente,Contratado,False,21276
Docente,Permanente,True,18973
Docente,Contratado,False,48795
Docente,Contratado,False,47523
No Docente,Permanente,False,25929
Docente,Permanente,True,1515
No Docente,Contratado,False,30716
No Docente,Contratado,False,36170
No Docente,Permanente,False,45303
Docente,Permanente,True,6651
No Docente,Contratado,False,12668
No Docente,Permanente,False,31811
Docente,Permanente,False,8488
No Docente,Permanente,False,45613
No Docente,Contratado,False,43017
No Docente,Permanente,False,28916
Docente,Contratado,False,36274
No Docente,Permanente,False,16817
No Docente,Contratado,True,49414
No Docente,Contratado,True,23940
Docente,Contratado,True,37907
No Docente,Permanente,False,45321
No Docente,Permanente,True,16461
No Docente,Contratado,False,4851
No Docente,Permanente,True,1119
Docente,Permanente,False,4349
No Docente,Permanente,True,42094
Docente,Permanente,False,20037
No Docente,Permanente,False,40636
No Docente,Contratado,True,15517
Docente,Permanente,False,36171
Docente,Contratado,False,33624
No Docente,Permanente,False,18319
Docente,Permanente,False,36402
No Docente,Contratado,True,30516
No Docente,Permanente,True,26395
No Docente,Permanente,True,46135
No Docente,Permanente,True,47608
Docente,Contratado,False,48701
Docente,Permanente,False,46097
No Docente,Contratado,False,28067
No Docente,Permanente,False,23329
No Docente,Contratado,False,33813
Docente,Permanente,False,49659
No Docente,Contratado,False,36653
No Docente,Permanente,True,30811
Docente,Contratado,False,6478
No Docente,Contratado,False,48644
No Docente,Contratado,True,3760
Docente,Contratado,False,1104
No Docente,Permanente,True,9431
No Docente,Contratado,True,2513
No Docente,Permanente,False,48049
No Docente,Permanente,False,34086
Docente,Permanente,True,21884
No Docente,Permanente,True,48202
No Docente,Permanente,True,32604
Docente,Permanente,True,44957
Docente,Permanente,True,12416
Docente,Permanente,False,23458
Docente,Contratado,True,22695
No Docente,Permanente,False,9984
No Docente,Contratado,False,28
No Docente,Contratado,True,7648
Docente,Contratado,False,8671
No Docente,Contratado,False,67
No Docente,Permanente,True,24637
Docente,Contratado,False,16264
Docente,Contratado,True,46123
No Docente,Contratado,True,43020
No Docente,Contratado,True,11129
No Docente,Permanente,False,36601
Docente,Contratado,False,2772
No Docente,Contratado,False,6248
Docente,Permanente,False,19319
Docente,Contratado,False,35757
No Docente,Contratado,True,45210
No Docente,Permanente,False,6831
No Docente,Permanente,True,595
Docente,Permanente,True,16079
No Docente,Permanente,True,48756
Docente,Permanente,False,12860
Docente,Permanente,True,3762
No Docente,Contratado,False,18841
Docente,Permanente,True,16783
Docente,Contratado,False,11511
No Docente,Permanente,True,20315
No Docente,Permanente,False,42231
No Docente,Permanente,True,33676
No Docente,Permanente,True,33480
Docente,Permanente,False,28808
Docente,Contratado,True,41084
Docente,Permanente,False,14774
Docente,Contratado,False,47327
Docente,Permanente,False,12844
Docente,Contratado,False,38432
Docente,Permanente,True,8528
Docente,Contratado,True,1346
No Docente,Permanente,True,21468
Docente,Contratado,False,45479
No Docente,Permanente,False,18895
No Docente,Contratado,False,43287
No Docente,Contratado,True,35326
No Docente,Permanente,False,17788
Docente,Permanente,True,26509
Docente,Permanente,False,1089
Docente,Contratado,False,48430
Docente,Permanente,True,12152
No Docente,Permanente,True,15225
Docente,Permanente,True,28391
No Docente,Permanente,True,16442
No Docente,Contratado,True,25861
No Docente,Contratado,True,7505
No Docente,Contratado,True,33383
Docente,Contratado,True,21765
Docente,Contratado,False,6365
Docente,Permanente,True,45271
No Docente,Permanente,False,1228
No Docente,Permanente,True,41784
Docente,Permanente,False,738
Docente,Contratado,True,47751
Docente,Permanente,True,3486
No Docente,Permanente,True,35614
No Docente,Contratado,True,5756
Docente,Permanente,True,27645
No Docente,Permanente,False,26233
No Docente,Permanente,True,12216
No Docente,Permanente,True,25636
No Docente,Contratado,True,41072
Docente,Contratado,True,38854
Docente,Contratado,False,2515
No Docente,Contratado,True,24297
Docente,Permanente,True,49073
Docente,Contratado,False,8699
No Docente,Permanente,False,32777
No Docente,Permanente,False,4434
Docente,Contratado,True,16426
No Docente,Contratado,False,36933
No Docente,Contratado,True,30552
Docente,Contratado,False,4783
No Docente,Contratado,True,24880
No Docente,Contratado,True,15949
No Docente,Permanente,True,30
No Docente,Contratado,True,28533
Docente,Contratado,True,21472
No Docente,Permanente,False,22235
No Docente,Permanente,False,46591
No Docente,Permanente,False,48607
Docente,Contratado,True,38079
No Docente,Permanente,True,22720
Docente,Permanente,False,4143
Docente,Permanente,False,23133
No Docente,Permanente,False,36986
No Docente,Permanente,True,38369
No Docente,Permanente,False,35529
Docente,Permanente,True,22143
Docente,Contratado,False,39792
Docente,Permanente,True,36419
No Docente,Permanente,False,9806
No Docente,Permanente,True,39380
No Docente,Permanente,True,18252
No Docente,Permanente,False,47136
Docente,Permanente,False,21473
Docente,Permanente,False,27635
Docente,Contratado,True,11348
No Docente,Permanente,False,38624
Docente,Permanente,False,14920
No Docente,Contratado,True,32864
Docente,Permanente,True,35965
Docente,Contratado,True,6710
No Docente,Contratado,True,15418
No Docente,Contratado,False,32689
No Docente,Permanente,False,14351
Docente,Permanente,False,27426
Docente,Contratado,False,3951
Docente,Permanente,False,38259
Docente,Contratado,True,45864
Docente,Permanente,False,1947
No Docente,Contratado,False,9766
Docente,Permanente,False,26373
Docente,Contratado,True,5045
No Docente,Contratado,True,46096
No Docente,Permanente,True,23214
No Docente,Contratado,False,21379
Docente,Contratado,False,21945
No Docente,Contratado,True,6342
Docente,Permanente,False,42285
Docente,Permanente,True,42111
No Docente,Permanente,False,13082
Docente,Contratado,True,8275
Docente,Permanente,False,43014
Docente,Contratado,False,31762
Docente,Contratado,True,29828
Docente,Permanente,False,49285
No Docente,Contratado,True,16401
No Docente,Permanente,False,37765
No Docente,Permanente,True,27321
No Docente,Contratado,False,45919
No Docente,Permanente,True,33683
No Docente,Permanente,True,12131
Docente,Contratado,False,46572
No Docente,Contratado,False,36930
No Docente,Permanente,False,16762
No Docente,Permanente,True,15983
Docente,Permanente,False,11589
Docente,Permanente,False,33326
Docente,Permanente,False,28204
No Docente,Contratado,True,668
No Docente,Contratado,False,5893
Docente,Permanente,True,9348
No Docente,Contratado,True,48002
Docente,Permanente,False,6119
No Docente,Contratado,True,16377
No Docente,Contratado,False,7633
No Docente,Permanente,True,21948
No Docente,Permanente,False,30462
No Docente,Permanente,True,15564
Docente,Permanente,True,49160
No Docente,Permanente,False,9132
No Docente,Contratado,False,49453
Docente,Contratado,False,15604
No Docente,Contratado,False,7191
No Docente,Contratado,False,38881
No Docente,Permanente,True,37619
Docente,Contratado,True,40159
Docente,Contratado,True,37533
No Docente,Permanente,False,36169
Docente,Permanente,True,7920
No Docente,Permanente,True,30935
No Docente,Contratado,False,10966
Docente,Contratado,True,36394
No Docente,Contratado,True,13961
Docente,Permanente,False,46051
Docente,Permanente,False,20461
Docente,Contratado,False,37486
No Docente,Contratado,False,48447
No Docente,Contratado,True,36642
Docente,Contratado,False,22569
Docente,Contratado,True,3704
Docente,Permanente,True,11977
No Docente,Contratado,True,16952
No Docente,Permanente,False,21578
Docente,Contratado,False,3371
No Docente,Contratado,True,45509
No Docente,Contratado,True,4763
Docente,Permanente,True,29881
Docente,Contratado,False,8925
Docente,Permanente,True,4502
No Docente,Contratado,True,23025
No Docente,Contratado,True,10868
Docente,Contratado,True,20321
No Docente,Contratado,False,37617
No Docente,Contratado,True,21152
No Docente,Permanente,True,41986
Docente,Contratado,True,26738
No Docente,Contratado,False,7712
Docente,Permanente,False,21942
No Docente,Permanente,False,14588
No Docente,Permanente,True,40538
Docente,Permanente,True,37011
Docente,Permanente,True,32673
Docente,Permanente,False,43404
Docente,Permanente,False,42276
Docente,Permanente,True,30337
Docente,Permanente,False,4837
No Docente,Contratado,True,41161
Docente,Permanente,False,46697
Docente,Permanente,False,27211
No Docente,Permanente,False,42536
Docente,Contratado,False,3335
No Docente,Contratado,True,45419
Docente,Permanente,False,21789
No Docente,Contratado,True,33098
No Docente,Permanente,True,14202
No Docente,Contratado,False,17563
Docente,Contratado,False,36599
No Docente,Contratado,False,38360
Docente,Contratado,False,30192
No Docente,Permanente,True,12619
Docente,Permanente,False,18659
Docente,Permanente,False,44437
Docente,Permanente,True,10102
Docente,Contratado,True,15072
No Docente,Permanente,True,11818
Docente,Permanente,True,892
Docente,Permanente,True,18854
No Docente,Permanente,False,36536
Docente,Permanente,True,2091
No Docente,Permanente,True,15433
Docente,Permanente,False,28983
Docente,Contratado,True,48029
No Docente,Contratado,False,3955
Docente,Contratado,True,3447
No Docente,Contratado,True,28695
No Docente,Permanente,True,32200
No Docente,Permanente,False,33400
Docente,Permanente,True,42877
Docente,Contratado,False,31547
Docente,Permanente,False,47783
No Docente,Permanente,False,26325
Docente,Permanente,True,16048
No Docente,Permanente,True,7033
No Docente,Permanente,True,20211
Docente,Permanente,True,46679
No Docente,Permanente,True,4092
No Docente,Permanente,False,23589
Docente,Contratado,True,16369
No Docente,Contratado,False,46769
No Docente,Permanente,False,33652
Docente,Permanente,True,29419
No Docente,Contratado,True,24292
Docente,Contratado,True,14974
Docente,Contratado,False,17532
Docente,Permanente,True,27691
Docente,Contratado,True,43681
No Docente,Permanente,False,23195
Docente,Contratado,True,20520
Docente,Permanente,False,48802
Docente,Permanente,False,44067
Docente,Contratado,True,13633
No Docente,Contratado,False,3752
No Docente,Contratado,False,23845
No Docente,Contratado,True,36123
Docente,Permanente,False,28090
Docente,Contratado,False,6729
No Docente,Permanente,False,36749
Docente,Permanente,True,5373
Docente,Contratado,True,15187
Docente,Contratado,True,6982
Docente,Permanente,True,33902
No Docente,Permanente,False,21031
No Docente,Permanente,False,37836
Docente,Contratado,True,2679
No Docente,Contratado,False,485
Docente,Contratado,False,4423
Docente,Permanente,False,48450
No Docente,Contratado,True,988
No Docente,Permanente,True,9175
Docente,Contratado,True,34058
No Docente,Permanente,True,17275
No Docente,Permanente,True,34246
Docente,Permanente,True,17280
No Docente,Permanente,True,23174
No Docente,Contratado,True,28202
Docente,Contratado,True,20217
Docente,Contratado,True,36716
No Docente,Contratado,True,30856
Docente,Contratado,True,24913
Docente,Permanente,False,32906
Docente,Permanente,True,19833
No Docente,Contratado,True,23233
Docente,Contratado,True,40302
No Docente,Contratado,True,42734
Docente,Contratado,False,34282
No Docente,Contratado,False,1997
No Docente,Permanente,False,7115
Docente,Contratado,True,2026
Docente,Contratado,False,13927
No Docente,Permanente,False,36025
No Docente,Contratado,True,8805
No Docente,Permanente,False,33749
Docente,Permanente,False,45678
No Docente,Contratado,True,45417
Docente,Permanente,True,22852
No Docente,Contratado,True,42466
No Docente,Contratado,False,31095
No Docente,Contratado,True,28612
No Docente,Permanente,True,49861
Docente,Contratado,True,25604
Docente,Contratado,False,32501
No Docente,Contratado,False,21780
Docente,Contratado,True,27760
Docente,Contratado,False,42776
No Docente,Permanente,False,41214
Docente,Permanente,True,33315
No Docente,Contratado,True,32942
Docente,Contratado,False,3455
No Docente,Permanente,True,1817
No Docente,Permanente,True,8808
Docente,Permanente,True,34204
Docente,Contratado,True,40996
Docente,Permanente,True,33161
Docente,Contratado,False,47079
No Docente,Permanente,True,32938
No Docente,Contratado,True,18677
Docente,Permanente,True,36041
No Docente,Permanente,False,38127
No Docente,Contratado,False,35439
Docente,Permanente,True,6247
Docente,Contratado,True,9611
No Docente,Permanente,False,6008
No Docente,Contratado,True,30086
No Docente,Permanente,True,36509
Docente,Permanente,False,10469
Docente,Contratado,False,20233
Docente,Permanente,False,33334
No Docente,Contratado,True,46608
No Docente,Permanente,True,17511
No Docente,Permanente,True,4329
No Docente,Contratado,False,31849
No Docente,Permanente,False,42947
No Docente,Permanente,True,5050
Docente,Contratado,False,35819
Docente,Permanente,True,49469
No Docente,Permanente,True,34587
No Docente,Permanente,False,42893
Docente,Contratado,True,43206
No Docente,Permanente,False,44987
Docente,Permanente,True,31460
No Docente,Permanente,False,37435
Docente,Permanente,True,35167
No Docente,Permanente,False,726
No Docente,Contratado,False,10308
No Docente,Permanente,True,37295
No Docente,Permanente,False,30445
Docente,Contratado,False,20688
No Docente,Contratado,True,2376
Docente,Permanente,False,3290
Docente,Contratado,True,26625
Docente,Contratado,False,35977
Docente,Contratado,True,43748
Docente,Permanente,True,40156
No Docente,Contratado,False,21776
Docente,Contratado,True,46658
Docente,Contratado,True,43012
No Docente,Permanente,True,24404
No Docente,Contratado,False,1733
Docente,Contratado,False,48949
No Docente,Permanente,True,41841
No Docente,Permanente,False,9815
Docente,Permanente,True,1848
No Docente,Permanente,False,42446
Docente,Permanente,False,19324
Docente,Contratado,False,11607
Docente,Permanente,True,49504
No Docente,Contratado,True,19073
Docente,Permanente,True,29248
No Docente,Contratado,False,820
No Docente,Permanente,True,5858
No Docente,Contratado,True,13416
No Docente,Permanente,False,16019
No Docente,Contratado,True,30319
Docente,Permanente,True,2438
Docente,Permanente,True,24291
Docente,Contratado,False,41207
No Docente,Permanente,True,4655
No Docente,Permanente,False,23226
Docente,Contratado,False,43506
No Docente,Contratado,True,5262
No Docente,Contratado,True,36540
Docente,Contratado,False,13132
Docente,Permanente,False,31054
No Docente,Permanente,False,13533
Docente,Contratado,False,30256
No Docente,Permanente,False,7539
Docente,Permanente,True,11189
Docente,Contratado,True,28872
No Docente,Contratado,True,45486
Docente,Permanente,True,45765
No Docente,Permanente,False,10205
No Docente,Permanente,False,25981
Docente,Permanente,True,6357
No Docente,Contratado,False,17927
Docente,Permanente,True,28885
No Docente,Permanente,True,29003
No Docente,Contratado,True,39983
Docente,Permanente,False,35061
Docente,Contratado,False,39820
No Docente,Contratado,False,33121
No Docente,Contratado,True,15312
No Docente,Permanente,False,37567
No Docente,Contratado,True,45469
No Docente,Contratado,True,2303
Docente,Contratado,False,35553
No Docente,Permanente,False,19569
No Docente,Permanente,False,26056
Docente,Permanente,False,45208
No Docente,Contratado,False,23910
No Docente,Contratado,False,40867
No Docente,Contratado,True,45279
No Docente,Contratado,True,7688
No Docente,Contratado,False,32703
Docente,Contratado,False,14452
Docente,Contratado,True,17861
No Docente,Contratado,True,47712
Docente,Permanente,True,9222
No Docente,Permanente,False,33101
No Docente,Permanente,True,1356
Docente,Contratado,False,42010
Docente,Permanente,True,2713
No Docente,Permanente,False,17349
No Docente,Contratado,True,49286
No Docente,Permanente,True,49054
Docente,Contratado,False,11836
Docente,Permanente,False,1557
Docente,Permanente,True,1823
Docente,Contratado,True,49125
Docente,Permanente,False,46540
No Docente,Contratado,False,3396
Docente,Permanente,False,23860
Docente,Contratado,True,15751
No Docente,Permanente,True,18754
Docente,Contratado,True,29406
No Docente,Contratado,True,7010
Docente,Permanente,False,24414
No Docente,Contratado,False,41105
No Docente,Permanente,True,13328
Docente,Permanente,False,47794
No Docente,Permanente,True,40623
Docente,Permanente,True,16151
No Docente,Permanente,True,36301
Docente,Contratado,False,22180
Docente,Permanente,True,24202
Docente,Contratado,False,49206
Docente,Contratado,True,22987
No Docente,Permanente,False,26947
No Docente,Contratado,True,39523
No Docente,Contratado,True,38954
No Docente,Permanente,True,6867
No Docente,Permanente,True,27318
No Docente,Contratado,True,2844
Docente,Contratado,True,22528
No Docente,Contratado,True,5602
No Docente,Permanente,True,35102
Docente,Permanente,True,33661
No Docente,Contratado,True,2995
No Docente,Permanente,True,7746
No Docente,Contratado,False,39511
No Docente,Contratado,True,15950
No Docente,Permanente,True,5941
Docente,Permanente,True,11015
Docente,Contratado,True,49442
Docente,Contratado,True,47631
Docente,Contratado,False,5216
No Docente,Permanente,True,8361
No Docente,Permanente,False,13165
Docente,Contratado,False,662
Docente,Contratado,True,3494
Docente,Contratado,True,39533
No Docente,Permanente,True,11867
Docente,Contratado,False,36403
Docente,Permanente,True,24439
Docente,Contratado,False,697
No Docente,Permanente,True,28109
No Docente,Permanente,False,47943
Docente,Permanente,True,21648
No Docente,Contratado,True,28625
Docente,Permanente,True,12405
Docente,Contratado,False,47211
No Docente,Permanente,False,30598
Docente,Contratado,False,33722
No Docente,Contratado,False,30769
Docente,Contratado,False,40330
No Docente,Contratado,False,10489
No Docente,Permanente,True,17986
No Docente,Permanente,False,36673
Docente,Contratado,False,6852
Docente,Permanente,True,46961
Docente,Contratado,False,16448
No Docente,Contratado,False,6272
Docente,Contratado,True,36682
No Docente,Contratado,True,21631
No Docente,Contratado,True,3214
Docente,Contratado,True,40851
Docente,Contratado,False,7423
Docente,Permanente,True,40893
Docente,Contratado,True,8050
No Docente,Permanente,True,4358
No Docente,Contratado,True,40151
Docente,Contratado,True,47356
Docente,Permanente,False,43679
Docente,Contratado,True,24731
Docente,Contratado,True,15366
Docente,Permanente,True,12314
Docente,Contratado,True,3476
Docente,Contratado,False,2407
No Docente,Permanente,False,35878
Docente,Permanente,True,17674
No Docente,Contratado,True,45347
No Docente,Contratado,True,23480
Docente,Contratado,True,44969
Docente,Permanente,True,13119
No Docente,Permanente,False,10949
Docente,Permanente,True,10283
Docente,Permanente,True,22679
Docente,Permanente,True,38058
Docente,Contratado,True,33572
No Docente,Permanente,True,28945
Docente,Contratado,False,42580
No Docente,Contratado,False,16979
Docente,Contratado,False,25853
No Docente,Contratado,True,1354
No Docente,Contratado,True,3050
Docente,Permanente,True,27550
No Docente,Contratado,True,8962
Docente,Permanente,False,42970
Docente,Contratado,False,31279
No Docente,Contratado,False,23192
Docente,Contratado,True,43373
No Docente,Contratado,False,31358
Docente,Contratado,False,15324
No Docente,Permanente,True,37532
Docente,Contratado,True,14596
Docente,Permanente,False,27713
Docente,Permanente,True,9663
Docente,Contratado,True,8268
Docente,Contratado,True,540
Docente,Contratado,True,46683
Docente,Contratado,False,37422
No Docente,Permanente,True,11601
No Docente,Contratado,False,4724
No Docente,Contratado,False,9034
Docente,Contratado,True,33330
No Docente,Permanente,False,14085
Docente,Permanente,True,46947
No Docente,Permanente,True,40626
Docente,Contratado,False,35198
Docente,Contratado,True,43545
Docente,Contratado,True,8450
Docente,Permanente,False,23105
No Docente,Permanente,True,26334
Docente,Contratado,False,1632
Docente,Contratado,True,25277
Docente,Permanente,True,6153
Docente,Contratado,True,11853
No Docente,Permanente,False,4498
Docente,Permanente,False,22599
Docente,Contratado,False,38930
Docente,Permanente,False,8842
Docente,Permanente,False,19680
No Docente,Contratado,True,11088
Docente,Contratado,True,43047
No Docente,Contratado,True,48079
Docente,Permanente,False,5981
Docente,Permanente,False,17051
Docente,Contratado,False,19930
Docente,Permanente,True,36705
Docente,Permanente,False,15249
No Docente,Permanente,False,32774
Docente,Permanente,True,24800
Docente,Permanente,False,46447
Docente,Permanente,True,39079
Docente,Contratado,False,20573
No Docente,Contratado,False,645
No Docente,Permanente,True,3248
Docente,Permanente,False,45048
No Docente,Contratado,False,16986
No Docente,Contratado,False,46888
Docente,Contratado,False,26616
Docente,Permanente,False,2010
No Docente,Permanente,True,21023
No Docente,Contratado,False,2572
No Docente,Contratado,True,31210
No Docente,Contratado,True,26991
Docente,Contratado,True,29765
No Docente,Permanente,True,49319
Docente,Contratado,False,27168
Docente,Contratado,True,4159
Docente,Permanente,False,8953
No Docente,Permanente,True,37695
No Docente,Permanente,True,9765
Docente,Permanente,False,18095
Docente,Contratado,False,916
Docente,Permanente,True,43032
Docente,Permanente,False,6698
No Docente,Permanente,True,16885
Docente,Contratado,False,47049
No Docente,Contratado,False,17798
Docente,Permanente,False,23584
No Docente,Permanente,False,21480
Docente,Contratado,True,41353
No Docente,Contratado,True,47778
No Docente,Contratado,False,13598
Docente,Contratado,True,5901
Docente,Contratado,False,25744
No Docente,Permanente,False,42251
Docente,Permanente,False,46180
No Docente,Permanente,True,23743
Docente,Permanente,False,38968
Docente,Contratado,True,32652
No Docente,Contratado,True,22705
Docente,Permanente,True,1710
No Docente,Permanente,True,6621
Docente,Permanente,True,35574
No Docente,Contratado,True,644
No Docente,Permanente,False,19732
No Docente,Contratado,True,23128
Docente,Permanente,True,5468
Docente,Contratado,True,36991
No Docente,Contratado,False,21163
Docente,Contratado,False,41455
No Docente,Contratado,True,3997
Docente,Permanente,False,619
Docente,Permanente,False,1529
No Docente,Contratado,True,11200
Docente,Permanente,True,23612
Docente,Contratado,True,7854
No Docente,Permanente,True,20178
No Docente,Contratado,True,22409
Docente,Contratado,False,6131
No Docente,Contratado,True,14460
No Docente,Permanente,True,5366
Docente,Permanente,False,25556
Docente,Permanente,False,36356
Docente,Contratado,True,22370
Docente,Permanente,False,8047
No Docente,Contratado,True,37141
Docente,Contratado,True,46108
Docente,Permanente,True,16691
Docente,Permanente,False,40467
No Docente,Permanente,True,21709
Docente,Contratado,False,40547
No Docente,Permanente,False,29408
Docente,Permanente,True,7292
Docente,Permanente,False,10315
Docente,Permanente,True,11038
Docente,Permanente,True,42935
Docente,Contratado,True,21013
No Docente,Permanente,True,41186
Docente,Contratado,True,1460
Docente,Permanente,False,21217
Docente,Contratado,False,21363
No Docente,Contratado,False,20252
No Docente,Permanente,True,49257
No Docente,Permanente,False,36658
No Docente,Permanente,False,35389
No Docente,Contratado,True,9283
No Docente,Permanente,False,27451
No Docente,Permanente,True,770
Docente,Contratado,False,2154
No Docente,Permanente,True,18438
Docente,Permanente,True,42136
No Docente,Permanente,False,21373
No Docente,Contratado,False,9790
No Docente,Contratado,False,21080
No Docente,Permanente,True,20563
Docente,Contratado,False,15540
No Docente,Contratado,False,44749
Docente,Permanente,False,17534
No Docente,Permanente,False,10491
No Docente,Permanente,False,41957
No Docente,Contratado,False,49650
No Docente,Permanente,False,16839
Docente,Permanente,False,1366
No Docente,Permanente,False,25538
No Docente,Contratado,True,25621
No Docente,Contratado,True,46219
No Docente,Contratado,True,25232
No Docente,Permanente,True,8356
No Docente,Permanente,True,23858
No Docente,Contratado,True,7798
No Docente,Contratado,False,44905
Docente,Permanente,True,21175
No Docente,Permanente,False,32775
Docente,Permanente,False,41099
Docente,Contratado,True,11243
Docente,Permanente,True,22499
Docente,Contratado,True,28306
Docente,Permanente,False,4062
No Docente,Contratado,True,2293
Docente,Permanente,True,14454
Docente,Contratado,False,30486
No Docente,Permanente,True,44476
No Docente,Permanente,False,37956
No Docente,Permanente,True,11097
Docente,Contratado,False,5022
Docente,Contratado,True,32994
No Docente,Permanente,True,17002
Docente,Permanente,True,35759
Docente,Contratado,True,15563
Docente,Permanente,True,17925
No Docente,Contratado,True,20850
No Docente,Contratado,True,9608
No Docente,Contratado,True,26628
No Docente,Contratado,False,33008
Docente,Contratado,True,28211
No Docente,Contratado,True,24169
Docente,Contratado,False,3652
No Docente,Contratado,False,13802
Docente,Permanente,False,39528
Docente,Contratado,True,20797
No Docente,Contratado,True,13057
No Docente,Contratado,False,15558
Docente,Permanente,False,1891
Docente,Permanente,True,25397
No Docente,Permanente,False,32755
Docente,Contratado,False,44769
No Docente,Permanente,True,22525
No Docente,Permanente,True,48834
No Docente,Permanente,False,202
Docente,Permanente,False,28343
No Docente,Permanente,True,5193
Docente,Permanente,True,36556
No Docente,Contratado,False,39946
Docente,Permanente,True,24759
Docente,Permanente,True,26050
Docente,Contratado,True,35915
No Docente,Permanente,False,8590
Docente,Contratado,True,24916
No Docente,Permanente,False,7793
No Docente,Permanente,False,28761
No Docente,Contratado,True,7836
Docente,Permanente,False,23285
Docente,Contratado,True,20807
Docente,Contratado,True,37024
No Docente,Contratado,False,34314
No Docente,Contratado,True,30659
Docente,Contratado,True,20450
No Docente,Contratado,True,15831
No Docente,Contratado,True,5072
No Docente,Contratado,False,31250
Docente,Contratado,False,46681
Docente,Contratado,True,36881
No Docente,Permanente,True,11617
Docente,Contratado,False,27212
Docente,Permanente,False,5486
No Docente,Contratado,True,18411
No Docente,Permanente,True,2706
Docente,Contratado,True,26890
No Docente,Contratado,False,24444
Docente,Permanente,False,30842
No Docente,Contratado,True,39087
No Docente,Permanente,True,231
No Docente,Contratado,False,42802
No Docente,Contratado,True,8691
Docente,Permanente,False,21768
Docente,Permanente,False,43957
Docente,Contratado,True,922
Docente,Permanente,False,9564
Docente,Contratado,True,10813
Docente,Contratado,True,8506
No Docente,Permanente,True,26815
Docente,Contratado,True,37922
No Docente,Permanente,True,38838
No Docente,Contratado,True,31553
No Docente,Permanente,True,2169
No Docente,Contratado,True,973
Docente,Contratado,True,15567
Docente,Permanente,False,39313
Docente,Permanente,True,7950
No Docente,Permanente,True,12942
Docente,Permanente,False,1565
No Docente,Contratado,False,42878
No Docente,Contratado,True,653
Docente,Contratado,False,5446
No Docente,Permanente,False,17190
No Docente,Contratado,False,26061
No Docente,Permanente,True,2601
Docente,Contratado,False,4928
Docente,Contratado,True,35650
No Docente,Permanente,False,41931
No Docente,Contratado,True,31708
No Docente,Contratado,False,47093
No Docente,Permanente,False,39789
Docente,Permanente,True,11804
Docente,Permanente,True,49365
Docente,Permanente,True,33744
No Docente,Permanente,False,674
No Docente,Permanente,False,46200
Docente,Contratado,False,17952
No Docente,Contratado,True,39800
Docente,Permanente,False,44907
Docente,Contratado,False,12233
Docente,Contratado,False,13444
Docente,Contratado,False,37163
No Docente,Permanente,True,6529
Docente,Permanente,False,44745
No Docente,Permanente,True,20524
Docente,Permanente,True,37964
No Docente,Permanente,False,12742
No Docente,Contratado,True,18756
Docente,Contratado,True,8610
Docente,Contratado,True,9281
Docente,Permanente,False,34365
No Docente,Contratado,True,8991
Docente,Contratado,False,8433
Docente,Contratado,False,5321
No Docente,Permanente,True,33022
Docente,Permanente,True,7450
No Docente,Permanente,True,17470
Docente,Contratado,True,27395
No Docente,Contratado,False,37070
Docente,Permanente,False,39803
Docente,Contratado,False,5087
Docente,Permanente,True,8048
No Docente,Contratado,True,33019
No Docente,Permanente,False,10250
No Docente,Permanente,False,766
Docente,Contratado,True,10322
No Docente,Permanente,False,21994
Docente,Contratado,True,7216
Docente,Contratado,True,6596
No Docente,Contratado,True,25312
No Docente,Permanente,True,5754
Docente,Contratado,True,41430
No Docente,Contratado,False,10669
No Docente,Permanente,True,43307
No Docente,Contratado,True,49547
Docente,Permanente,False,5478
Docente,Permanente,True,36591
Docente,Contratado,False,1894
No Docente,Contratado,True,40511
No Docente,Permanente,True,7949
No Docente,Permanente,True,6819
Docente,Permanente,True,24565
No Docente,Permanente,False,8491
No Docente,Contratado,False,45897
Docente,Contratado,True,27434
No Docente,Contratado,True,14694
No Docente,Permanente,True,19034
No Docente,Permanente,False,20914
Docente,Contratado,False,18573
Docente,Permanente,False,8114
Docente,Permanente,False,32582
No Docente,Contratado,True,13503
No Docente,Permanente,True,25965
No Docente,Permanente,False,9444
No Docente,Permanente,False,20894
No Docente,Contratado,True,11558
Docente,Contratado,True,37339
Docente,Permanente,False,33419
Docente,Contratado,False,16466
No Docente,Permanente,True,9386
No Docente,Permanente,False,29846
Docente,Contratado,True,13687
Docente,Permanente,True,45044
Docente,Contratado,True,38596
No Docente,Contratado,True,4908
No Docente,Permanente,True,143
Docente,Contratado,False,46976
No Docente,Contratado,True,13144
Docente,Permanente,False,14508
No Docente,Contratado,False,4391
No Docente,Permanente,True,19183
No Docente,Permanente,False,4228
No Docente,Permanente,True,11177
Docente,Contratado,True,38320
No Docente,Contratado,True,21407
No Docente,Contratado,True,11585
Docente,Contratado,False,38760
Docente,Permanente,True,38623
No Docente,Permanente,True,18305
Docente,Contratado,False,9962
Docente,Permanente,False,24696
No Docente,Permanente,True,34684
No Docente,Permanente,True,9979
No Docente,Contratado,False,32861
No Docente,Contratado,False,30942
No Docente,Permanente,False,45090
Docente,Contratado,True,1889
Docente,Contratado,True,627
No Docente,Permanente,False,44301
Docente,Contratado,False,44858
No Docente,Permanente,True,13613
No Docente,Contratado,False,7259
Docente,Contratado,False,46247
Docente,Contratado,True,6130
No Docente,Permanente,False,19054
No Docente,Permanente,True,10511
Docente,Contratado,True,3327
Docente,Permanente,False,33169
No Docente,Permanente,True,21536
No Docente,Permanente,True,3648
Docente,Contratado,False,19362
No Docente,Contratado,False,38681
Docente,Contratado,True,32946
Docente,Permanente,True,3748
No Docente,Permanente,False,7625
No Docente,Contratado,False,32264
Docente,Permanente,False,49803
No Docente,Contratado,False,35700
Docente,Contratado,False,6057
No Docente,Permanente,False,34874
Docente,Contratado,False,1190
No Docente,Permanente,False,37164
No Docente,Contratado,False,14246
No Docente,Contratado,False,283
No Docente,Contratado,False,42607
Docente,Contratado,False,15462
Docente,Contratado,True,48637
No Docente,Contratado,True,28046
No Docente,Contratado,False,30236
Docente,Permanente,True,40791
No Docente,Contratado,False,24438
No Docente,Contratado,True,4247
Docente,Permanente,True,1097
Docente,Permanente,False,23166
No Docente,Permanente,False,41687
No Docente,Permanente,True,1209
No Docente,Contratado,True,21746
Docente,Permanente,True,39850
No Docente,Permanente,True,20536
Docente,Contratado,False,11937
Docente,Permanente,False,26710
Docente,Permanente,False,28256
Docente,Contratado,False,10364
Docente,Contratado,True,15181
Docente,Contratado,True,42608
Docente,Permanente,False,7983
Docente,Permanente,False,47722
No Docente,Contratado,True,45439
No Docente,Permanente,True,26937
No Docente,Contratado,True,12246
No Docente,Contratado,False,15278
No Docente,Contratado,False,18205
No Docente,Contratado,False,31086
Docente,Permanente,True,20191
No Docente,Permanente,True,21154
Docente,Permanente,False,37219
No Docente,Contratado,False,9983
No Docente,Permanente,True,41530
Docente,Contratado,False,18149
Docente,Permanente,True,12257
Docente,Permanente,True,40917
No Docente,Permanente,True,41178
Docente,Permanente,False,15790
Docente,Contratado,True,14708
Docente,Contratado,False,21691
No Docente,Permanente,True,4942
Docente,Contratado,True,46367
Docente,Contratado,True,38239
No Docente,Contratado,True,31753
Docente,Permanente,False,3813
Docente,Contratado,True,19609
No Docente,Permanente,False,34662
Docente,Permanente,False,21493
Docente,Permanente,True,11412
Docente,Permanente,False,36804
Docente,Contratado,True,13966
Docente,Contratado,True,38793
Docente,Contratado,False,20591
Docente,Permanente,True,48593
No Docente,Permanente,False,7986
No Docente,Permanente,True,5369
No Docente,Contratado,True,27946
No Docente,Contratado,False,11184
No Docente,Permanente,True,14126
Docente,Permanente,True,35022
No Docente,Permanente,False,16277
Docente,Permanente,False,7834
Docente,Permanente,True,16205
No Docente,Contratado,False,37255
Docente,Contratado,True,18196
Docente,Contratado,False,21880
No Docente,Permanente,True,22278
No Docente,Permanente,False,2714
No Docente,Contratado,False,13118
Docente,Permanente,True,15265
Docente,Permanente,False,26329
Docente,Contratado,False,12047
No Docente,Permanente,True,1808
Docente,Contratado,True,18333
No Docente,Contratado,False,42006
Docente,Permanente,False,4673
Docente,Permanente,False,38972
Docente,Permanente,False,27961
No Docente,Contratado,False,27287
No Docente,Permanente,True,24771
Docente,Contratado,True,47910
No Docente,Contratado,False,33593
No Docente,Contratado,False,31133
Docente,Permanente,False,40905
No Docente,Permanente,False,36873
No Docente,Permanente,False,6455
Docente,Contratado,False,5302
No Docente,Permanente,False,36325
No Docente,Contratado,True,5389
No Docente,Permanente,False,9637
No Docente,Permanente,True,22950
No Docente,Permanente,True,28900
No Docente,Permanente,False,35449
Docente,Permanente,True,18974
Docente,Contratado,False,37652
No Docente,Contratado,False,47637
Docente,Contratado,False,21794
Docente,Contratado,True,7690
No Docente,Permanente,True,18799
No Docente,Permanente,False,41547
No Docente,Permanente,False,39801
No Docente,Contratado,False,16226
No Docente,Permanente,True,13009
Docente,Contratado,False,43736
Docente,Permanente,False,19572
Docente,Permanente,False,49213
No Docente,Permanente,False,4235
Docente,Contratado,False,17983
Docente,Permanente,False,38264
No Docente,Contratado,False,36989
Docente,Permanente,False,28348
No Docente,Contratado,True,44673
Docente,Permanente,False,21222
No Docente,Contratado,True,41561
No Docente,Permanente,True,20106
No Docente,Contratado,True,34516
Docente,Contratado,True,18543
Docente,Permanente,False,35772
Docente,Contratado,False,32570
Docente,Contratado,True,2400
Docente,Permanente,False,40835
Docente,Contratado,False,13908
No Docente,Contratado,True,11137
No Docente,Contratado,True,26780
No Docente,Permanente,False,8705
Docente,Contratado,False,33118
Docente,Contratado,False,19641
Docente,Contratado,False,2553
No Docente,Contratado,False,49032
No Docente,Permanente,False,28077
Docente,Permanente,False,39613
No Docente,Contratado,True,14641
Docente,Contratado,True,37072
No Docente,Contratado,True,35256
Docente,Permanente,True,28540
No Docente,Contratado,True,24680
Docente,Permanente,False,11355
Docente,Permanente,False,11065
Docente,Permanente,False,16429
No Docente,Permanente,True,14168
No Docente,Contratado,False,14171
No Docente,Contratado,True,15261
No Docente,Contratado,False,20836
No Docente,Permanente,True,46259
No Docente,Permanente,False,10085
No Docente,Permanente,False,39472
Docente,Contratado,False,7897
No Docente,Permanente,False,12545
No Docente,Contratado,False,6435
Docente,Contratado,True,17727
Docente,Permanente,False,30024
Docente,Permanente,False,41290
Docente,Permanente,False,36004
Docente,Permanente,False,35636
Docente,Permanente,False,38411
No Docente,Permanente,True,19940
Docente,Contratado,True,14866
Docente,Permanente,False,26962
No Docente,Contratado,True,16416
No Docente,Contratado,True,48405
Docente,Contratado,False,27671
No Docente,Contratado,True,48629
Docente,Contratado,False,2731
Docente,Contratado,True,23652
No Docente,Permanente,True,1606
Docente,Contratado,True,1445
No Docente,Contratado,False,21715
No Docente,Contratado,True,44289
No Docente,Contratado,False,25982
Docente,Contratado,True,7741
Docente,Permanente,False,37734
No Docente,Contratado,False,41726
Docente,Contratado,False,12176
No Docente,Permanente,True,19243
No Docente,Contratado,True,20984
Docente,Permanente,True,17390
No Docente,Permanente,False,42618
Docente,Permanente,False,3379
No Docente,Contratado,True,48803
Docente,Contratado,False,26952
Docente,Contratado,True,32447
Docente,Contratado,True,47545
Docente,Contratado,True,21045
Docente,Permanente,True,22842
No Docente,Permanente,False,46617
No Docente,Contratado,False,5426
No Docente,Contratado,False,10061
Docente,Contratado,False,32754
Docente,Permanente,True,34446
Docente,Contratado,True,16807
No Docente,Contratado,False,1586
Docente,Contratado,True,32966
No Docente,Permanente,False,34459
Docente,Contratado,True,21568
Docente,Contratado,True,1094
No Docente,Contratado,True,24241
No Docente,Contratado,False,2650
Docente,Permanente,False,41896
No Docente,Permanente,True,47302
No Docente,Permanente,False,44168
No Docente,Permanente,False,22484
Docente,Permanente,False,29109
Docente,Permanente,False,45116
No Docente,Permanente,False,8866
No Docente,Permanente,False,9687
No Docente,Permanente,True,12296
No Docente,Permanente,False,31264
No Docente,Permanente,True,49477
No Docente,Permanente,True,48406
No Docente,Contratado,False,47504
Docente,Contratado,False,4014
No Docente,Permanente,False,8475
Docente,Permanente,False,16112
Docente,Permanente,True,20765
Docente,Contratado,False,23962
Docente,Contratado,False,14548
Docente,Contratado,False,14934
Docente,Permanente,True,22271
Docente,Contratado,True,13011
No Docente,Permanente,False,39142
Docente,Contratado,False,46294
No Docente,Permanente,False,34221
Docente,Contratado,True,22281
Docente,Contratado,False,26105
Docente,Permanente,True,19305
Docente,Permanente,True,19618
No Docente,Permanente,True,48394
No Docente,Permanente,True,21499
No Docente,Contratado,True,9951
No Docente,Permanente,False,19238
No Docente,Contratado,True,48696
Docente,Permanente,False,26243
Docente,Contratado,False,22456
Docente,Permanente,False,964
No Docente,Permanente,False,3901
Docente,Contratado,True,15939
No Docente,Contratado,True,47370
Docente,Permanente,True,40882
No Docente,Contratado,True,9758
Docente,Contratado,False,37888
No Docente,Contratado,True,38189
Docente,Permanente,True,401
No Docente,Permanente,True,20156
No Docente,Permanente,True,14761
No Docente,Contratado,False,6855
Docente,Contratado,False,24345
No Docente,Contratado,True,47560
Docente,Contratado,False,32282
Docente,Contratado,False,32836
No Docente,Contratado,True,10273
Docente,Contratado,True,32279
No Docente,Contratado,False,27908
No Docente,Contratado,True,23339
Docente,Permanente,False,23939
No Docente,Permanente,False,41823
No Docente,Permanente,True,9538
No Docente,Permanente,True,14957
No Docente,Contratado,False,23341
No Docente,Contratado,True,1068
No Docente,Contratado,True,18908
Docente,Contratado,False,34609
Docente,Permanente,False,13400
Docente,Contratado,False,46636
No Docente,Contratado,True,8377
No Docente,Contratado,False,3272
Docente,Contratado,False,14320
Docente,Contratado,True,25643
No Docente,Contratado,False,39197
No Docente,Contratado,True,23334
Docente,Permanente,False,1008
No Docente,Contratado,True,13008
Docente,Permanente,True,836
No Docente,Contratado,True,23774
Docente,Contratado,False,33718
No Docente,Contratado,True,22693
No Docente,Contratado,False,19290
No Docente,Contratado,False,27938
Docente,Permanente,False,9614
No Docente,Contratado,True,8193
Docente,Contratado,False,47847
No Docente,Contratado,True,32123
Docente,Permanente,True,8174
No Docente,Permanente,True,1789
Docente,Contratado,True,31595
No Docente,Permanente,False,8153
No Docente,Contratado,True,24555
No Docente,Contratado,False,40437
Docente,Contratado,True,3182
Docente,Permanente,True,13086
No Docente,Permanente,False,12051
Docente,Contratado,True,20744
No Docente,Contratado,False,23219
Docente,Contratado,True,15952
Docente,Permanente,True,18530
No Docente,Contratado,False,41155
Docente,Contratado,True,48138
Docente,Contratado,False,712
Docente,Permanente,True,37217
Docente,Contratado,False,2323
Docente,Permanente,False,19996
Docente,Contratado,True,17192
Docente,Permanente,False,1475
Docente,Permanente,False,14960
Docente,Permanente,False,46991
Docente,Contratado,True,39566
No Docente,Permanente,True,37390
Docente,Contratado,False,11261
Docente,Contratado,True,37300
Docente,Contratado,True,23475
No Docente,Permanente,True,9148
Docente,Permanente,True,17092
Docente,Contratado,False,16526
No Docente,Contratado,True,15997
Docente,Contratado,False,3881
Docente,Contratado,False,41090
No Docente,Contratado,False,21062
No Docente,Permanente,True,20017
No Docente,Contratado,True,12386
Docente,Permanente,False,30904
Docente,Permanente,True,44368
Docente,Permanente,True,39456
No Docente,Permanente,True,6638
Docente,Contratado,False,26876
No Docente,Contratado,True,18114
No Docente,Permanente,True,41159
Docente,Permanente,True,5926
No Docente,Contratado,False,21955
Docente,Permanente,False,20489
Docente,Permanente,False,25616
Docente,Contratado,True,43886
No Docente,Permanente,True,9470
Docente,Contratado,False,32370
Docente,Permanente,False,22765
Docente,Contratado,True,34077
Docente,Permanente,False,49522
Docente,Permanente,True,17643
No Docente,Permanente,False,15116
No Docente,Contratado,True,1949
No Docente,Contratado,True,11715
No Docente,Contratado,False,30626
No Docente,Contratado,True,27514
Docente,Permanente,True,40435
Docente,Contratado,True,33402
Docente,Contratado,True,47936
No Docente,Permanente,False,8378
Docente,Contratado,True,41752
No Docente,Permanente,False,7902
No Docente,Permanente,False,13357
Docente,Permanente,False,32285
Docente,Permanente,True,32442
No Docente,Contratado,False,33733
Docente,Contratado,True,3885
Docente,Contratado,False,4496
No Docente,Permanente,True,638
No Docente,Permanente,True,41334
No Docente,Permanente,True,36604
Docente,Contratado,True,26489
No Docente,Permanente,False,40263
No Docente,Contratado,True,18283
Docente,Permanente,True,9655
Docente,Permanente,True,43530
Docente,Permanente,False,35513
No Docente,Contratado,True,30004
No Docente,Permanente,True,16696
Docente,Permanente,True,21876
Docente,Permanente,True,4381
No Docente,Contratado,False,49261
Docente,Contratado,False,27842
Docente,Permanente,False,38351
No Docente,Contratado,True,16101
Docente,Permanente,False,16227
No Docente,Contratado,False,14922
No Docente,Permanente,False,6901
No Docente,Contratado,False,35542
No Docente,Permanente,True,43482
No Docente,Contratado,True,1443
Docente,Permanente,False,27820
No Docente,Permanente,False,10632
Docente,Permanente,True,34822
Docente,Contratado,False,16926
Docente,Contratado,True,21337
No Docente,Contratado,False,8748
No Docente,Permanente,True,17753
No Docente,Permanente,True,7444
Docente,Permanente,True,47251
Docente,Permanente,True,17622
No Docente,Contratado,False,38113
No Docente,Contratado,True,39202
No Docente,Contratado,False,773
No Docente,Permanente,True,31867
No Docente,Permanente,False,5576
Docente,Contratado,True,45817
Docente,Contratado,True,18020
Docente,Contratado,False,45398
Docente,Permanente,True,7766
No Docente,Permanente,True,44366
No Docente,Contratado,False,11851
Docente,Permanente,True,13378
Docente,Permanente,True,41819
No Docente,Permanente,True,17414
No Docente,Contratado,False,39192
No Docente,Contratado,True,28132
No Docente,Contratado,False,44649
No Docente,Permanente,False,3026
No Docente,Contratado,True,5688
No Docente,Permanente,True,16816
Docente,Contratado,False,10124
Docente,Contratado,False,7428
No Docente,Permanente,False,41210
Docente,Contratado,True,27858
No Docente,Permanente,True,26011
Docente,Contratado,False,23618
No Docente,Contratado,True,38361
Docente,Contratado,False,6756
No Docente,Permanente,False,40272
No Docente,Contratado,False,42365
No Docente,Contratado,True,35996
Docente,Permanente,True,22239
No Docente,Contratado,True,20903
Docente,Contratado,False,3176
No Docente,Contratado,True,17763
Docente,Permanente,False,32945
No Docente,Permanente,False,14010
No Docente,Permanente,True,5090
Docente,Permanente,False,26288
No Docente,Permanente,True,4860
No Docente,Permanente,False,14244
Docente,Contratado,True,21792
No Docente,Contratado,True,12070
No Docente,Contratado,True,8121
No Docente,Permanente,False,18628
No Docente,Permanente,True,29888
Docente,Contratado,False,28053
Docente,Permanente,False,7621
Docente,Contratado,False,13527
No Docente,Contratado,False,46757
No Docente,Permanente,False,24184
Docente,Contratado,False,34650
No Docente,Permanente,False,16138
Docente,Contratado,True,28378
Docente,Contratado,False,22579
Docente,Permanente,True,33717
No Docente,Contratado,True,27409
No Docente,Contratado,False,27022
Docente,Contratado,False,34310
Docente,Contratado,True,35488
Docente,Permanente,False,44603
Docente,Permanente,False,20889
Docente,Contratado,False,37653
No Docente,Permanente,False,34026
Docente,Permanente,True,8099
No Docente,Permanente,True,31943
No Docente,Permanente,True,44050
No Docente,Contratado,True,36164
Docente,Permanente,False,26172
Docente,Contratado,False,4960
Docente,Contratado,False,44066
No Docente,Permanente,True,11634
Docente,Contratado,False,11150
Docente,Contratado,False,32402
No Docente,Contratado,True,27120
Docente,Permanente,False,6090
Docente,Permanente,True,33165
No Docente,Permanente,True,24884
Docente,Contratado,False,41578
Docente,Contratado,True,28587
No Docente,Permanente,False,10252
Docente,Contratado,False,12645
No Docente,Permanente,False,36414
No Docente,Contratado,True,16831
No Docente,Contratado,False,850
No Docente,Permanente,True,5706
No Docente,Contratado,False,10459
Docente,Permanente,True,15883
Docente,Permanente,False,3374
No Docente,Contratado,True,33539
No Docente,Contratado,False,45051
No Docente,Permanente,True,11013
Docente,Permanente,False,39041
No Docente,Permanente,False,8706
Docente,Contratado,True,41570
No Docente,Permanente,False,30172
Docente,Contratado,False,6404
No Docente,Contratado,False,3139
No Docente,Contratado,True,611
No Docente,Contratado,True,8179
No Docente,Contratado,False,7838
No Docente,Contratado,True,40948
Docente,Permanente,False,20503
No Docente,Permanente,True,46545
No Docente,Permanente,False,35176
No Docente,Contratado,False,47662
No Docente,Contratado,False,13213
Docente,Contratado,False,38291
Docente,Contratado,False,39814
No Docente,Permanente,False,44170
Docente,Contratado,False,10316
No Docente,Contratado,False,20973
No Docente,Permanente,False,46337
Docente,Contratado,True,938
No Docente,Contratado,False,33304
Docente,Permanente,True,45383
No Docente,Contratado,False,8483
No Docente,Contratado,False,20142
No Docente,Permanente,True,30645
No Docente,Contratado,True,10146
No Docente,Contratado,True,17588
Docente,Permanente,True,8130
Docente,Permanente,False,28033
Docente,Contratado,True,25609
No Docente,Contratado,False,43073
No Docente,Permanente,True,45546
No Docente,Permanente,True,1631
No Docente,Contratado,False,25768
No Docente,Contratado,True,6988
Docente,Contratado,False,16614
No Docente,Permanente,True,25039
Docente,Permanente,False,34509
Docente,Contratado,False,26319
Docente,Permanente,True,15131
Docente,Contratado,True,12325
Docente,Contratado,False,15237
No Docente,Contratado,False,13793
No Docente,Contratado,False,7290
No Docente,Contratado,False,28772
No Docente,Permanente,True,8412
Docente,Permanente,True,2246
Docente,Contratado,True,13569
Docente,Permanente,True,33371
No Docente,Permanente,True,48320
Docente,Permanente,False,28592
Docente,Contratado,True,1753
No Docente,Permanente,False,436
Docente,Permanente,False,9811
No Docente,Contratado,False,26394
Docente,Permanente,True,37480
Docente,Permanente,False,42923
No Docente,Permanente,False,12706
No Docente,Permanente,True,46750
Docente,Permanente,True,42669
No Docente,Permanente,False,16076
Docente,Contratado,False,12102
Docente,Permanente,True,32473
Docente,Contratado,True,37553
No Docente,Contratado,True,41014
No Docente,Permanente,False,32709
Docente,Permanente,True,22395
No Docente,Contratado,False,25011
Docente,Contratado,True,28849
No Docente,Contratado,True,16118
Docente,Contratado,False,9567
Docente,Contratado,False,16126
Docente,Permanente,True,8813
Docente,Permanente,True,19831
Docente,Permanente,False,40558
No Docente,Permanente,False,9571
No Docente,Contratado,False,37095
Docente,Permanente,False,15898
No Docente,Contratado,True,19692
Docente,Contratado,True,15227
No Docente,Contratado,False,49057
Docente,Permanente,True,20574
Docente,Contratado,True,30007
No Docente,Permanente,False,15560
No Docente,Contratado,True,13461
No Docente,Permanente,False,12937
No Docente,Permanente,True,37030
No Docente,Contratado,True,12428
No Docente,Permanente,False,42379
No Docente,Permanente,False,10031
Docente,Contratado,True,48
Docente,Contratado,False,33391
No Docente,Permanente,False,33808
No Docente,Permanente,True,40684
Docente,Contratado,False,19111
Docente,Contratado,True,45662
No Docente,Contratado,True,20070
No Docente,Contratado,True,40120
No Docente,Contratado,True,36548
Docente,Permanente,False,37116
No Docente,Permanente,False,34539
No Docente,Contratado,True,3286
No Docente,Permanente,False,44751
Docente,Permanente,False,44299
Docente,Contratado,True,4461
Docente,Permanente,True,39643
Docente,Contratado,True,44723
Docente,Permanente,True,34878
No Docente,Permanente,True,25295
No Docente,Permanente,True,1884
Docente,Permanente,False,19070
No Docente,Contratado,True,2953
Docente,Contratado,False,39775
Docente,Permanente,False,34064
No Docente,Permanente,False,8502
No Docente,Permanente,False,36787
Docente,Permanente,False,19008
No Docente,Contratado,True,34685
Docente,Permanente,False,8854
No Docente,Permanente,False,39435
Docente,Permanente,True,1092
No Docente,Contratado,True,23135
No Docente,Permanente,True,39823
No Docente,Permanente,False,38275
Docente,Permanente,True,25862
Docente,Contratado,True,5857
No Docente,Contratado,True,35628
Docente,Contratado,False,1334
Docente,Contratado,True,43182
Docente,Contratado,True,11820
Docente,Permanente,False,19847
No Docente,Contratado,True,8490
No Docente,Contratado,False,23482
Docente,Permanente,True,9234
No Docente,Permanente,False,45803
Docente,Permanente,False,35027
Docente,Permanente,False,23539
No Docente,Permanente,True,17258
Docente,Permanente,True,38949
Docente,Permanente,False,4828
No Docente,Contratado,False,24818
No Docente,Contratado,False,10850
No Docente,Permanente,True,38701
No Docente,Contratado,False,13931
Docente,Permanente,True,24380
No Docente,Permanente,False,49275
Docente,Contratado,False,38510
Docente,Contratado,False,17730
Docente,Contratado,False,3268
Docente,Permanente,False,17347
Docente,Permanente,False,4045
No Docente,Permanente,True,37174
No Docente,Contratado,True,19273
No Docente,Contratado,True,8815
Docente,Contratado,False,2306
No Docente,Permanente,True,39324
No Docente,Contratado,False,40708
Docente,Permanente,False,20781
Docente,Permanente,True,48635
No Docente,Permanente,False,47825
No Docente,Permanente,True,1322
No Docente,Contratado,False,41101
No Docente,Permanente,False,30041
Docente,Contratado,True,36723
No Docente,Contratado,True,28083
Docente,Contratado,False,43253
Docente,Permanente,False,17218
No Docente,Permanente,False,35448
No Docente,Permanente,False,24322
Docente,Contratado,False,2685
Docente,Contratado,True,47278
No Docente,Contratado,False,19125
Docente,Permanente,False,27379
Docente,Permanente,False,29357
No Docente,Contratado,False,14771
Docente,Contratado,True,15063
No Docente,Contratado,False,43242
No Docente,Contratado,True,9278
No Docente,Permanente,True,22714
No Docente,Permanente,False,19455
No Docente,Contratado,True,6518
No Docente,Contratado,False,30726
Docente,Permanente,False,47860
Docente,Permanente,False,7481
Docente,Permanente,True,24032
Docente,Permanente,False,28093
Docente,Contratado,False,18785
No Docente,Contratado,True,26942
Docente,Contratado,False,41943
No Docente,Permanente,False,31738
Docente,Contratado,True,9494
Docente,Contratado,False,3383
Docente,Contratado,False,10272
Docente,Permanente,True,14873
No Docente,Permanente,False,20035
Docente,Permanente,True,48273
No Docente,Permanente,False,1916
No Docente,Permanente,True,15981
Docente,Contratado,True,35225
No Docente,Contratado,True,4278
No Docente,Permanente,False,24553
No Docente,Permanente,False,40966
No Docente,Contratado,False,47529
No Docente,Permanente,True,16610
Docente,Permanente,True,3550
Docente,Contratado,False,22496
Docente,Contratado,True,2857
No Docente,Permanente,True,24964
No Docente,Contratado,True,43196
Docente,Permanente,True,22482
Docente,Permanente,True,47993
No Docente,Contratado,False,40364
Docente,Permanente,False,18238
No Docente,Permanente,False,32542
Docente,Contratado,False,29720
No Docente,Permanente,True,17113
Docente,Contratado,False,4785
No Docente,Contratado,True,31169
Docente,Contratado,True,30164
No Docente,Permanente,False,15398
Docente,Permanente,True,12516
No Docente,Contratado,True,48820
No Docente,Permanente,True,31260
Docente,Permanente,False,16898
Docente,Permanente,True,13037
Docente,Contratado,False,20875
Docente,Permanente,False,6337
No Docente,Permanente,True,19190
No Docente,Contratado,True,38421
Docente,Permanente,True,19804
Docente,Contratado,False,15972
No Docente,Permanente,False,18368
Docente,Contratado,False,8881
Docente,Permanente,True,3378
Docente,Contratado,True,49128
Docente,Permanente,False,26049
Docente,Contratado,False,13173
Docente,Contratado,True,5672
No Docente,Permanente,True,46008
Docente,Contratado,True,46155
Docente,Contratado,True,8936
No Docente,Contratado,True,37699
Docente,Permanente,False,39965
No Docente,Permanente,False,20655
Docente,Contratado,False,10937
Docente,Permanente,True,11066
No Docente,Permanente,True,13231
Docente,Permanente,True,32919
No Docente,Contratado,True,6045
No Docente,Permanente,True,15117
Docente,Contratado,True,13902
Docente,Contratado,True,35956
Docente,Contratado,True,2199
Docente,Contratado,True,4513
Docente,Permanente,False,15197
Docente,Permanente,False,14644
Docente,Permanente,True,10361
No Docente,Contratado,False,832
Docente,Permanente,False,7315
Docente,Permanente,False,44777
Docente,Permanente,False,36085
No Docente,Permanente,False,33147
Docente,Contratado,False,18640
No Docente,Contratado,False,32965
Docente,Permanente,False,39538
No Docente,Permanente,True,24108
No Docente,Contratado,False,15183
No Docente,Permanente,True,45150
No Docente,Contratado,False,17144
No Docente,Contratado,False,7584
No Docente,Permanente,False,8028
No Docente,Contratado,False,24031
Docente,Permanente,False,25678
No Docente,Permanente,True,23138
No Docente,Contratado,True,3108
No Docente,Contratado,False,32029
Docente,Contratado,False,19650
Docente,Contratado,False,5324
No Docente,Permanente,True,49416
Docente,Permanente,True,4536
Docente,Contratado,False,31146
No Docente,Contratado,False,4796
Docente,Permanente,True,41667
Docente,Permanente,True,11301
No Docente,Contratado,False,5187
Docente,Permanente,True,14671
Docente,Permanente,True,5436
Docente,Contratado,False,35227
No Docente,Permanente,True,40987
Docente,Contratado,True,10440
No Docente,Permanente,False,32898
Docente,Permanente,False,23159
No Docente,Contratado,False,17732
Docente,Permanente,False,23420
No Docente,Contratado,True,23639
Docente,Permanente,False,4200
Docente,Permanente,True,25725
Docente,Contratado,True,36452
Docente,Permanente,True,49113
No Docente,Permanente,True,34981
Docente,Contratado,True,15689
No Docente,Contratado,False,17353
No Docente,Contratado,False,33368
No Docente,Contratado,True,29010
No Docente,Permanente,True,1608
No Docente,Permanente,True,44334
No Docente,Permanente,True,38272
No Docente,Contratado,True,42384
No Docente,Contratado,False,32275
Docente,Contratado,True,18331
No Docente,Contratado,True,1128
No Docente,Permanente,False,22244
Docente,Contratado,True,41274
No Docente,Contratado,False,34334
Docente,Permanente,False,44781
Docente,Contratado,False,15617
Docente,Contratado,True,47547
No Docente,Contratado,True,35824
No Docente,Permanente,True,25058
Docente,Permanente,True,2028
No Docente,Permanente,True,19320
Docente,Contratado,True,30288
Docente,Contratado,False,6344
No Docente,Permanente,False,43059
No Docente,Permanente,True,3184
No Docente,Contratado,True,36874
Docente,Permanente,True,32033
No Docente,Permanente,False,44304
No Docente,Contratado,True,30323
No Docente,Permanente,False,33857
Docente,Contratado,False,43379
No Docente,Permanente,True,35483
Docente,Permanente,False,1216
Docente,Contratado,False,39915
Docente,Permanente,True,1471
