fecha_ingreso,lugar_presta_servicio,autonomia,relacion_dependencia,funcion,iddj
2022-03-13,Construcción Sobrino S.L.N.E,No,Independiente,Maestro de enseñanza primaria,1
2020-08-07,Nuñez y Verdú S.Coop.,No,Independiente,Patronista y cortador de tela,2
2020-01-29,Familia Sotelo S.Com.,No,Dependiente,Asistente fisioterapeuta,3
2021-01-28,Restauración Verdejo S.A.,No,Dependiente,Director de empresas de construcción,4
2020-12-02,Hnos Berrocal S.L.,No,Independiente,Instructor de autoescuela,5
2021-11-19,Jurado & Asociados S.Coop.,No,Dependiente,Profesional de enfermería,6
2024-04-15,Minería Arco S.L.L.,Sí,Independiente,Urbanistas e ingenieros de tránsito,7
2023-08-03,Desarrollo Nieto S.Com.,No,Independiente,Farmacéutico,8
2023-04-17,Farmaceútica del Levante S.L.N.E,No,Dependiente,Trabajador comunitario de la salud,9
2022-03-04,Mayoral y asociados S.Coop.,Sí,Independiente,Profesor de música,10
2021-11-10,Raya y Expósito S.L.L.,No,Dependiente,Agente de administración tributaria,11
2022-11-21,Lobo y Morera S.Coop.,No,Dependiente,Ensamblador de maquinaria mecánica,12
2022-03-09,Transportes Integrales S.Com.,No,Independiente,Geólogo,13
2020-12-24,Reynaldo Porras Barrio S.L.N.E,No,Dependiente,Ayudante de odontología,14
2021-06-12,Talleres Ojeda & Asociados S.L.U.,No,Dependiente,Técnico en redes y sistemas de computadores,15
2023-04-25,Soriano y asociados S.A.,Sí,Independiente,Pulidor de vidrio,16
2022-04-25,Distribuciones Escrivá & Asociados S.L.,No,Dependiente,Clasificador de productos,17
2020-05-16,Tecnologías Poza S.A.,No,Dependiente,Técnico en operaciones de tecnología de la información y las comunicaciones,18
2023-05-03,Hermanos Carvajal S.Coop.,Sí,Dependiente,Labrante,19
2020-12-09,Comercializadora Españolas S.Coop.,No,Independiente,Pulidor de vidrio,20
2022-03-09,Mireia Rocha Huerta S.C.P,Sí,Independiente,Técnico en electrónica,21
2023-08-07,Construcción Segovia S.Coop.,No,Independiente,Delineante,22
2024-01-26,Hnos Valle S.L.,Sí,Dependiente,Ebanista,23
2023-01-10,Farmaceútica Tamarit S.L.N.E,Sí,Dependiente,Controlador de tráfico aéreo,24
2022-03-21,Soluciones Aragonés S.A.,Sí,Independiente,Diseñador de prendas,25
2020-08-16,Xiomara Gallardo González S.Coop.,Sí,Independiente,Técnico en redes y sistemas de computadores,26
2023-03-11,Manufacturas DWK S.L.N.E,No,Independiente,Director de servicios de cuidado de las personas de edad,27
2020-06-14,Blasco & Asociados S.Coop.,No,Dependiente,Coreógrafo,28
2021-07-31,Ruperta Sabater Ortuño S.C.P,Sí,Independiente,Mecánico y reparador de motores de avión,29
2023-10-09,Mateu & Asociados S.Com.,No,Independiente,Profesional de nivel medio de medicina alternativa,30
2020-06-29,Pelayo & Asociados S.A.,No,Independiente,Conductor de vehículos accionados a pedal o a brazo,31
2022-05-23,Ramón & Asociados S.A.,No,Dependiente,Profesional de medicina alternativa,32
2022-10-01,Hnos Rico S.L.U.,Sí,Independiente,Veterinario,33
2024-06-26,Suministros Garrido S.L.N.E,Sí,Dependiente,Instructor de educación física y actividades recreativas,34
2021-04-10,Tecnologías Talavera S.A.,Sí,Dependiente,Operario del tratamiento de la madera,35
2022-04-27,Banco Escobar y asociados S.Com.,Sí,Independiente,Operador de máquinas de tratamiento de pieles y cueros,36
2020-03-19,Pedrosa & Asociados S.L.L.,No,Dependiente,Profesional de la salud y la higiene laboral y ambiental,37
2021-06-16,Talleres FUL S.Com.,No,Dependiente,Profesional de nivel medio de medicina tradicional y alternativa,38
2020-07-14,Hnos Lillo S.Com.,No,Independiente,Practicante paramédico,39
2022-10-26,Tapia y Feijoo S.Com.,No,Dependiente,Labrante,40
2021-04-15,Tudela y asociados S.L.N.E,Sí,Dependiente,Conserje,41
2020-09-13,Compañía MWCP S.A.,No,Independiente,Guardia de protección,42
2022-06-11,Comercial Bárcena y asociados S.Coop.,No,Independiente,Técnico en operaciones de tecnología de la información y las comunicaciones,43
2021-10-14,Tecnologías Globales S.Com.,Sí,Dependiente,Administrador de sistemas,44
2020-07-21,Pla y asociados S.A.,Sí,Dependiente,Minero,45
2023-07-23,Cáceres y Vidal S.L.U.,No,Dependiente,"Operador de máquinas pulidoras, galvanizadoras y recubridoras de metales ",46
2020-03-11,Saldaña y asociados S.Com.,No,Independiente,Diseñador gráfico,47
2023-09-14,Plana & Asociados S.Com.,Sí,Independiente,Repartidor,48
2023-08-10,Noemí Pozuelo Conesa S.Com.,Sí,Dependiente,Asistente farmacéutico,49
2024-05-04,Supermercados Albero & Asociados S.L.,No,Independiente,Jefe de pequeñas poblaciones,50
2022-01-30,Mateo & Asociados S.Com.,No,Independiente,Director de producción agropecuaria y silvicultura,51
2024-06-24,Inversiones Castro S.L.,No,Independiente,Trabajador de explotaciones de acuicultura,52
2022-08-19,Consultoría YT S.Coop.,No,Dependiente,Director de servicios de bienestar social,53
2023-10-22,Suministros Losada y asociados S.A.,No,Independiente,Mecánico y reparador en electrónica,54
2020-12-12,Instalaciones Franco & Asociados S.L.,Sí,Independiente,Profesional de nivel medio de partería,55
2021-03-09,Dulce Arregui Arteaga S.A.,Sí,Dependiente,Recepcionista,56
2024-05-01,Comercializadora XF S.Coop.,Sí,Independiente,Tipógrafo,57
2022-04-09,Tecnologías Padilla S.Coop.,No,Dependiente,"Operador de incineradores, instalaciones de tratamiento de agua",58
2021-10-19,Familia Cortina S.Coop.,Sí,Independiente,Asesor financiero y en inversiones,59
2022-02-11,Compañía WU S.Com.,No,Independiente,Pintor y empapelador,60
2023-04-23,Teodora Moreno Andrade S.L.N.E,Sí,Dependiente,Cristalero,61
2023-03-28,Banco Codina & Asociados S.Com.,Sí,Dependiente,Mandader,62
2020-07-17,Flor y asociados S.A.,No,Independiente,Tasador,63
2023-02-26,Cayetana Mateos Mena S.L.,No,Independiente,Profesional de nivel medio de partería,64
2022-07-15,Grupo Nicolás S.Coop.,No,Dependiente,Farmacéutico,65
2021-06-24,Demetrio Ribera Lucena S.L.N.E,No,Dependiente,Desarrollador Web y multimedia,66
2021-02-06,Logística IEQE S.L.,Sí,Dependiente,Locutor de radio,67
2021-08-24,Comercializadora IKO S.L.N.E,No,Independiente,Guardia de protección,68
2021-03-02,Servicios Arellano S.Com.,No,Independiente,Instalador de material aislante y de insonorización,69
2024-04-09,Grupo Vara S.A.U,Sí,Independiente,Ingeniero electrónico,70
2020-06-03,Rios y Aguiló S.Com.,No,Dependiente,Oficinista general,71
2022-09-12,Hnos Vaquero S.Com.,No,Dependiente,Fumigador,72
2024-03-03,Promociones Coronado S.L.L.,No,Dependiente,Mensajero,73
2023-07-30,Inmobiliaria ZYX S.A.T.,No,Independiente,Profesor de enseñanza secundaria,74
2021-12-25,Pacífica Huertas Morillo S.A.,No,Independiente,Cuidador de niños,75
2021-06-08,Piña y Viñas S.A.,Sí,Independiente,Pulidor de vidrio,76
2023-01-31,Tapia y Pomares S.Coop.,No,Dependiente,Curador de museos,77
2020-08-04,Consultoría Integrales S.Com.,No,Dependiente,Técnico de prótesis médicas y dentales,78
2024-06-27,Infraestructuras Alberdi S.A.,Sí,Dependiente,Director de explotaciones de minería,79
2020-05-22,Desarrollo RXI S.A.U,No,Independiente,Apicultor,80
2023-11-24,Hermanos Diaz S.A.,No,Independiente,Laminador de vidrio,81
2024-05-14,Hermanos Priego S.A.,No,Dependiente,Profesional religioso,82
2021-08-27,Herrera y Sastre S.Coop.,No,Dependiente,Instalador y reparador de líneas eléctricas,83
2023-04-23,Comercial UB S.Coop.,No,Dependiente,Mecánico y reparador de instrumentos de precisión,84
2022-06-28,Grupo Rubio S.A.,Sí,Independiente,Agente de maniobras,85
2024-05-09,Melisa Suarez Clavero S.Coop.,Sí,Independiente,Colchonero,86
2023-04-26,Familia Pazos S.Coop.,No,Independiente,Corrector de pruebas de imprenta,87
2024-06-21,Vallés y Cervantes S.A.,Sí,Dependiente,Sociólogo,88
2023-01-29,Fábrica Inteligentes S.C.P,Sí,Dependiente,Maleter,89
2020-05-19,Servicios Rodriguez y asociados S.L.,No,Dependiente,Operador de telar y otras máquinas tejedoras,90
2020-02-15,Plana y asociados S.C.P,Sí,Independiente,Empleado de control de abastecimientos e inventario,91
2023-02-11,Soluciones Mínguez & Asociados S.A.,Sí,Dependiente,Urbanistas e ingenieros de tránsito,92
2024-02-17,Manufacturas Jordá y asociados S.Com.,No,Dependiente,Alfarero,93
2021-12-03,Amparo Robles Ripoll S.L.L.,Sí,Independiente,Artista plástico,94
2023-12-21,Isaac Ferreras Coloma S.L.,Sí,Independiente,Cocinero de comidas rápidas,95
2024-02-10,Construcción Internacionales S.L.,Sí,Dependiente,Astrónomos,96
2021-12-18,María Belén Espinosa Moll S.L.,Sí,Dependiente,Preparador y elaborador de tabaco y sus productos,97
2021-08-03,Hnos Clavero S.Coop.,No,Dependiente,Operador de máquinas de tratamiento de pieles y cueros,98
2022-08-06,Tecnologías QPA S.Coop.,Sí,Independiente,Operador de maquinaria agrícola y forestal móvil,99
2023-08-20,Hnos Peñalver S.Coop.,Sí,Dependiente,Administrador de bases de datos,100
2021-05-24,Inmobiliaria Alarcón & Asociados S.A.U,No,Independiente,Oficial maquinistas en navegación,101
2021-09-06,Grupo Galvez S.A.,No,Dependiente,Secretario médicos,102
2020-05-10,Supermercados Guardiola S.A.,No,Dependiente,"Gerente de sucursales de bancos, de servicios financieros y de seguros",103
2022-11-28,Construcción Internacionales S.L.N.E,Sí,Dependiente,"Operador de máquinas de blanqueamiento, teñido y limpieza de tejidos",104
2021-06-07,Hnos Manrique S.A.,No,Independiente,Técnico en ciencias físicas y químicas,105
2022-03-06,Familia Sala S.L.N.E,Sí,Dependiente,Antropólogo,106
2022-05-17,Desarrollo Terrón y asociados S.Com.,No,Dependiente,Personas que realizan trabajos varios,107
2021-09-05,Goicoechea & Asociados S.A.,No,Independiente,Trabajador agropecuario de subsistencia,108
2021-06-15,Hermanos Gallart S.L.N.E,Sí,Independiente,Ingeniero químico,109
2022-03-19,Angelita Luna Garzón S.L.,No,Dependiente,Secretario jurídicos,110
2024-06-26,Construcción Ibéricos S.A.T.,No,Dependiente,Trabajador agrícola de subsistencia,111
2020-01-10,Menendez & Asociados S.L.,No,Dependiente,Bailarín,112
2023-10-29,Loreto Cueto Sarabia S.L.,No,Independiente,Técnico de telecomunicaciones,113
2024-04-01,Minería Española S.Coop.,Sí,Dependiente,Focumentalista,114
2020-01-02,Familia Pareja S.L.,Sí,Independiente,Geólogo,115
2024-02-08,Polo y asociados S.L.,Sí,Independiente,Tenedor de libros,116
2020-03-09,Transportes Posada S.Com.,No,Dependiente,Cazador,117
2022-04-18,Instalaciones Pont S.L.U.,Sí,Independiente,Inspector de la salud laboral,118
2022-09-29,Pedro & Asociados S.L.,Sí,Dependiente,Receptor de apuestas,119
2024-02-04,Comercial Arco & Asociados S.A.,No,Independiente,Operador de máquinas para fabricar cemento y otros productos minerales,120
2022-11-07,Servicios Vargas & Asociados S.A.,No,Dependiente,"Redactor de carteles, pintor decorativos y grabador",121
2021-10-19,Talleres BSDQ S.Com.,Sí,Independiente,Demostrador de tiendas,122
2021-07-19,Corbacho & Asociados S.Com.,Sí,Dependiente,Instalador de material aislante y de insonorización,123
2020-07-18,Consultoría Atienza y asociados S.Com.,Sí,Dependiente,Mecánico y reparador en electrónica,124
2020-12-14,Inversiones Márquez y asociados S.L.L.,No,Independiente,Expendedor de gasolineras,125
2020-03-03,Vicenta Bayona Angulo S.A.,No,Independiente,Prestamista,126
2022-04-17,Cornejo y Gargallo S.Coop.,No,Independiente,Chapista,127
2022-02-07,Familia Aguilera S.Com.,Sí,Independiente,Agente de servicios de expedición de licencias y permisos,128
2020-04-10,Peiró y asociados S.Coop.,Sí,Dependiente,Cuidador de animales,129
2021-12-05,Soluciones EMYE S.C.P,Sí,Dependiente,Antropólogo,130
2021-09-29,Inversiones Ibéricos S.A.,Sí,Independiente,Profesor de idiomas,131
2022-06-11,Suministros EC S.C.P,No,Independiente,Fontanero,132
2021-12-09,Servicios del Norte S.L.,Sí,Independiente,Operador de máquinas para fabricar productos fotográficos,133
2022-02-24,Ariza y Aller S.Coop.,No,Independiente,Juez,134
2020-08-14,Villegas y Tejedor S.Com.,No,Independiente,Peluqueros,135
2024-05-24,Grupo Landa S.Com.,No,Independiente,Empleado de servicios de correos,136
2024-05-25,Tormo & Asociados S.A.,Sí,Independiente,Delineante,137
2024-01-26,Farmaceútica CU S.L.N.E,No,Dependiente,Moldeador y machero,138
2021-08-31,Logística TLE S.L.L.,Sí,Independiente,Profesor de artes,139
2023-07-17,Barrena y Crespo S.C.P,Sí,Dependiente,"Limpiador y asistente de oficinas, hoteles y otros establecimientos",140
2021-08-18,Hermanos Montaña S.L.N.E,No,Independiente,Ingeniero metalúrgico,141
2022-06-11,Suministros Rico S.L.N.E,Sí,Dependiente,Mecánico y reparador de vehículos de motor,142
2022-03-13,Consultoría del Sur S.L.U.,No,Dependiente,Controlador de instalaciones de procesamiento de productos químicos,143
2022-08-27,Finanzas RMWY S.Coop.,No,Independiente,Asesor de inversiones,144
2020-07-26,Izaguirre y Ramírez S.L.,No,Independiente,Herramentista,145
2023-01-11,Blanca Llanos Ripoll S.Com.,No,Independiente,Tronzador,146
2023-05-22,Tamarit y Ruiz S.L.,Sí,Independiente,Instructor de autoescuela,147
2023-12-17,Comercializadora Ibérica S.Com.,Sí,Independiente,Analista financiero,148
2024-04-22,Felipe Cortes Escribano S.A.,No,Independiente,Dentista,149
2020-05-30,Delfina Blasco Ortiz S.L.N.E,No,Independiente,Agrónomo,150
2023-01-16,Barranco y Palomo S.A.,No,Independiente,"Director de empresas de abastecimiento, distribución y afines",151
2021-05-02,Transportes Iberia S.Com.,Sí,Dependiente,Ecónomo y mayordomos domésticos,152
2024-04-28,Gabaldón & Asociados S.A.U,No,Independiente,Operador de instalaciones para la preparación de pasta para papel y papel,153
2020-03-12,Fábrica Iberia S.L.,No,Dependiente,Ingeniero medioambiental,154
2021-12-24,Suministros Españolas S.L.N.E,Sí,Dependiente,Ebanista,155
2021-01-22,Manufacturas FC S.A.,Sí,Independiente,"Operador de máquinas de preparación de fibras, hilado y devanado",156
2023-02-20,Inmobiliaria Integrales S.A.,Sí,Dependiente,Profesional de enfermería,157
2021-05-20,Salas y asociados S.A.,Sí,Dependiente,Fabricante de instrumentos musicales,158
2021-03-24,Supermercados Rivas S.Coop.,No,Independiente,Director de servicios de cuidados infantiles,159
2020-09-04,Silvestre Aroca Paredes S.L.,Sí,Independiente,Conductor de tranvía,160
2022-03-08,Rubio y asociados S.L.U.,No,Independiente,Instalador y reparador de líneas eléctricas,161
2024-01-18,Alimentación Beltrán S.L.U.,No,Independiente,Regulador y operador de máquinas de labrar madera,162
2020-08-06,Hnos Camino S.Com.,No,Independiente,Modisto,163
2021-02-12,Farmaceútica Berrocal y asociados S.L.N.E,Sí,Independiente,Audiólogo,164
2022-09-21,Restauración Española S.A.D,Sí,Dependiente,Operador de máquinas para elaborar alimentos y productos afines,165
2023-05-29,Griselda Machado Osorio S.L.,Sí,Dependiente,Grabador de datos,166
2020-10-18,Distribuciones BU S.L.,No,Independiente,Joyero,167
2022-01-16,Torrens & Asociados S.L.N.E,No,Independiente,Joyero,168
2021-05-15,Cáceres & Asociados S.Com.,No,Dependiente,Trabajador agropecuario de subsistencia,169
2020-08-17,Duque y Rey S.C.P,Sí,Independiente,Compositor,170
2024-04-28,Fábrica Nogueira & Asociados S.A.,No,Dependiente,Grabador de piedra,171
2023-01-04,Construcción Llamas S.Coop.,Sí,Independiente,Focumentalista,172
2023-12-04,Jaume y Farré S.L.N.E,No,Dependiente,Chapista,173
2024-05-04,Servicios Inteligentes S.A.,Sí,Independiente,Operador de instalaciones de refinación de petróleo y gas natural,174
2021-03-06,Font & Asociados S.Coop.,No,Dependiente,Zoólogo,175
2024-04-09,Jara y Navarro S.L.,No,Dependiente,Recepcionista,176
2021-03-25,Inmobiliaria Chico S.Coop.,Sí,Dependiente,Técnico de prótesis médicas y dentales,177
2021-12-20,Talleres Castellana S.A.T.,Sí,Dependiente,Maquinista de locomotoras,178
2022-12-17,Fábrica del Noroeste S.A.,No,Dependiente,Profesional de medicina,179
2021-08-30,Fuertes y Campoy S.Coop.,No,Independiente,Pescador de alta mar,180
2023-08-22,Consultoría Campos & Asociados S.A.,Sí,Dependiente,Profesor de música,181
2023-09-07,Consultoría Burgos y asociados S.Com.,No,Dependiente,Lavador de vehículos,182
2020-06-29,Banca Privada XM S.L.,No,Dependiente,Alfarero,183
2020-02-17,Instalaciones Globales S.Com.,No,Dependiente,Conductor de camiones pesados,184
2021-09-29,Flora Marti Osuna S.Com.,Sí,Dependiente,Pulidor de metales y afilador de herramientas,185
2022-11-20,Hotel ZKV S.L.N.E,No,Independiente,Director de servicios de tecnología de la información y las comunicaciones,186
2021-02-23,Maestre & Asociados S.A.,Sí,Independiente,Reponedor de estanterías,187
2020-04-18,Rodrigo y asociados S.L.N.E,No,Dependiente,Cobrador,188
2023-11-10,Inversiones LEA S.Com.,No,Dependiente,Desarrollador de software,189
2023-09-26,Cañellas y Ayala S.A.,No,Dependiente,Modisto,190
2021-08-25,Comercializadora Moliner S.L.L.,Sí,Independiente,Lavandero,191
2023-10-17,Pascual y asociados S.Coop.,Sí,Dependiente,Profesional de nivel medio de partería,192
2021-12-28,Grupo Almansa S.A.,Sí,Independiente,Secretario (general),193
2023-06-30,Hnos Castells S.A.,No,Independiente,Piloto de aviación,194
2022-10-27,Franch y asociados S.Com.,Sí,Dependiente,Director de recursos humanos,195
2020-01-29,Soluciones Campo S.Com.,No,Dependiente,Lavador de vehículos,196
2020-09-16,Wilfredo Barrio Baños S.L.,No,Independiente,Controlador de instalaciones de procesamiento de productos químicos,197
2022-07-06,Herminio Garriga Valdés S.Coop.,Sí,Dependiente,Trabajador ambulante de servicios,198
2024-04-11,Palacio y Téllez S.L.,No,Dependiente,Practicante y asistente médico,199
2024-04-29,Tecnologías Alemán y asociados S.L.N.E,No,Dependiente,Trabajador forestal calificado,200
2021-01-08,Grupo Sierra S.L.N.E,No,Dependiente,Profesional en redes de computadores,201
2024-03-15,Hnos Ponce S.L.N.E,No,Independiente,Trabajador agropecuario de subsistencia,202
2023-10-01,Minería Navarro S.Coop.,No,Independiente,Arquitecto,203
2021-06-11,María José Montserrat Figueroa S.A.,Sí,Dependiente,Telefonista,204
2023-08-12,Talleres Leiva & Asociados S.L.U.,No,Independiente,Operador de máquinas de vapor y calderas,205
2020-11-22,Moreno Luna Menendez S.Com.,Sí,Dependiente,Especialista en políticas y servicios de personal,206
2021-07-03,Prieto y Huerta S.L.N.E,Sí,Dependiente,Ingeniero industrial,207
2023-07-08,Cardona y asociados S.Com.,Sí,Independiente,Miembro de las fuerzas armadas,208
2023-09-19,Grupo Gracia S.C.P,No,Dependiente,Analista de gestión y organización,209
2023-02-18,Barrio & Asociados S.A.,Sí,Dependiente,Contable,210
2021-12-27,Transportes Saez & Asociados S.A.,Sí,Independiente,Diseñador de productos,211
2023-02-07,Merino y asociados S.Coop.,Sí,Independiente,Traductor e intérprete,212
2020-03-08,Hermanos Puerta S.Com.,No,Dependiente,Camarero de mesa,213
2022-09-10,Severiano Pinto Gomez S.Coop.,Sí,Dependiente,Agente inmobiliario,214
2021-04-14,Enríquez y Nogueira S.Coop.,No,Dependiente,Audiólogo,215
2020-01-11,Familia Quirós S.L.,Sí,Independiente,Cartógrafo,216
2023-09-16,Juliá y Vives S.A.T.,Sí,Dependiente,Alfarero,217
2021-09-26,Inversiones Castellana S.Coop.,No,Independiente,Representante comercial,218
2024-01-01,Soluciones del Levante S.Coop.,Sí,Independiente,Técnico en ingeniería civil,219
2020-08-05,Cloe Sobrino Marti S.A.,Sí,Dependiente,Cristalero,220
2021-02-22,Farmaceútica CA S.Coop.,Sí,Dependiente,Director de servicios de bienestar social,221
2020-09-18,Manufacturas del Levante S.L.N.E,No,Dependiente,Empleado de ventanillas de informaciones,222
2023-03-23,Hermanos Herranz S.Com.,No,Independiente,Ingeniero civil,223
2021-10-02,Nicodemo Cases Morera S.L.,No,Independiente,Asistente farmacéutico,224
2022-07-28,Hermanos Olivé S.A.,No,Dependiente,Mecánico y ajustador electricista,225
2023-03-23,Serrano & Asociados S.A.,No,Independiente,Ingeniero electricista,226
2020-11-05,Inversiones Alcalde y asociados S.A.,No,Independiente,Herrero,227
2020-07-28,Infraestructuras YPED S.Com.,No,Dependiente,Bailarín,228
2023-02-21,Promociones Gargallo & Asociados S.L.,No,Independiente,Conductor de automóviles,229
2024-02-12,Claudio Arjona Nogués S.A.,No,Independiente,Ingeniero electrónico,230
2021-12-17,Tecnologías Rius S.L.U.,Sí,Independiente,Peón de obras públicas y mantenimiento,231
2023-03-06,Cabañas y asociados S.Com.,Sí,Dependiente,Profesional de la protección medioambiental,232
2022-02-20,Valls y Nicolás S.A.,Sí,Independiente,Grabador de datos,233
2023-09-16,Despacho Pomares S.Coop.,Sí,Dependiente,Trabajador comunitario de la salud,234
2022-10-13,Vélez y asociados S.Coop.,Sí,Independiente,Técnico en ingeniería mecánica,235
2020-12-11,Promociones Inteligentes S.A.U,No,Dependiente,Operador de máquinas para fabricar productos fotográficos,236
2021-03-23,Grupo Cantero S.L.N.E,No,Independiente,Inspector de fronteras,237
2020-02-11,Construcción Seco y asociados S.A.,No,Dependiente,Ingeniero medioambiental,238
2022-07-31,Dorita Torrijos Redondo S.Com.,No,Independiente,Platero,239
2023-10-05,Saturnina Plaza Bru S.A.,Sí,Dependiente,Archivista,240
2020-03-17,Lledó y Palomar S.L.,Sí,Independiente,Especialista en políticas y servicios de personal,241
2021-06-20,Recio & Asociados S.A.,Sí,Independiente,Operador de máquinas de tratamiento de pieles y cueros,242
2023-05-30,Hotel Briones y asociados S.A.,Sí,Dependiente,Inspector de fronteras,243
2020-11-21,Suministros del Levante S.Coop.,Sí,Independiente,Guardia de protección,244
2020-09-17,Salom y Bueno S.L.,No,Independiente,Albañil,245
2022-04-13,Nicolás & Asociados S.C.P,Sí,Independiente,Operador de máquinas para fabricar productos de papel,246
2021-08-14,Distribuciones del Mediterráneo S.C.P,Sí,Independiente,Catador de alimentos y bebidas,247
2020-11-10,Banca Privada Inteligentes S.Coop.,Sí,Dependiente,Empleado de servicios de apoyo a la producción,248
2020-06-15,Banco ZH S.A.,Sí,Dependiente,Cocinero,249
2022-05-29,Talleres Española S.A.,Sí,Dependiente,Asistente fisioterapeuta,250
2021-06-25,Hnos Aparicio S.L.N.E,Sí,Independiente,Barnizador,251
2022-11-09,Promociones del Levante S.A.,Sí,Independiente,Diseñador de interior,252
2021-03-01,Supermercados Ibéricos S.L.,Sí,Dependiente,Profesional religioso,253
2021-07-24,Distribuciones Gallego S.A.,Sí,Independiente,Asistente farmacéutico,254
2022-12-17,Alimentación Vega S.A.,Sí,Independiente,Juez,255
2022-10-06,Talleres Burgos S.Coop.,Sí,Independiente,Artista plástico,256
2023-03-01,Hnos Atienza S.Com.,No,Independiente,Techador,257
2022-10-17,Transportes ZDSK S.Coop.,Sí,Dependiente,Jefe de pequeñas poblaciones,258
2021-05-13,Agustín y asociados S.L.N.E,No,Dependiente,Clasificador de desechos,259
2020-04-01,Guerra y Gálvez S.A.,Sí,Dependiente,Audiólogo,260
2020-06-07,Peinado y asociados S.L.N.E,Sí,Dependiente,Supervisor de la construcción,261
2023-10-22,Melero y asociados S.A.,No,Dependiente,Conserje,262
2023-08-04,Infraestructuras Collado y asociados S.Com.,Sí,Independiente,Instalador y reparador en tecnología de la información y las comunicaciones,263
2020-03-24,Borrego y Sanmartín S.L.N.E,Sí,Independiente,Compositor,264
2021-04-22,Suministros Roldán S.Com.,Sí,Dependiente,Oficial de préstamos y créditos,265
2022-03-12,Valenciano y Lledó S.A.,Sí,Dependiente,Matemático,266
2024-03-17,Cristian Rivero Carbonell S.L.N.E,Sí,Independiente,Diseñador de prendas,267
2021-05-07,Banco Palomares & Asociados S.A.,No,Dependiente,Modisto,268
2020-03-25,Desarrollo Losa y asociados S.L.N.E,Sí,Dependiente,Personal de pompas fúnebres y embalsamador,269
2020-11-02,Grupo Águila S.L.,Sí,Independiente,Especialista en tratamientos de belleza,270
2020-04-12,Alimentación Sastre S.Coop.,Sí,Dependiente,Chapista,271
2022-01-01,Canales y Navarrete S.Com.,Sí,Dependiente,Agente de administración tributaria,272
2021-02-21,Vidal y Santiago S.L.,Sí,Independiente,Mecánico y reparador en electrónica,273
2020-12-12,Desarrollo Torres & Asociados S.A.,No,Independiente,Operador de máquinas lavarropas,274
2024-03-17,Benitez y Anglada S.C.P,Sí,Independiente,Director de políticas y planificación,275
2022-07-05,Burgos y Coca S.C.P,No,Dependiente,Técnico en operaciones de tecnología de la información y las comunicaciones,276
2022-07-20,Concha Roca Vera S.L.U.,No,Independiente,Agente de aduanas,277
2021-01-08,Logística Sotelo y asociados S.A.,No,Dependiente,Cazador,278
2024-01-21,Manufacturas Internacionales S.A.,Sí,Dependiente,Profesional de ventas técnicas y médicas,279
2020-11-22,Distribuciones DUNU S.L.N.E,Sí,Dependiente,Director de servicios de educación,280
2022-04-30,Construcción Cal y asociados S.Com.,No,Independiente,Modisto,281
2021-02-15,Hermanos Cal S.A.,No,Independiente,Historiador,282
2020-09-21,Finanzas Globales S.L.,Sí,Independiente,Psicólogo,283
2022-12-28,Infraestructuras MNC S.L.,Sí,Dependiente,Camarero de barra,284
2020-09-26,Hnos Carnero S.Coop.,Sí,Independiente,Agente de administración tributaria,285
2021-03-08,Desarrollo Yuste & Asociados S.L.,No,Independiente,Trabajador de explotaciones de acuicultura,286
2020-08-21,Hermanos Daza S.L.,No,Independiente,Técnico en redes y sistemas de computadores,287
2022-10-01,Hermanos Arjona S.L.,Sí,Dependiente,Asistente veterinario,288
2022-06-14,Duque y Fuster S.C.P,No,Dependiente,Tenedor de libros,289
2020-09-09,Logística YSE S.L.N.E,Sí,Independiente,Director de servicios de tecnología de la información y las comunicaciones,290
2024-05-05,Tecnologías FQ S.Com.,No,Dependiente,Controlador de procesos,291
2023-08-12,Sacristán y Chacón S.A.T.,No,Dependiente,Modelador de vidrio,292
2022-02-05,Servicios Paredes & Asociados S.Coop.,No,Dependiente,Coreógrafo,293
2020-04-19,Promociones Infante y asociados S.L.,No,Independiente,Cantante,294
2021-08-16,Comercializadora Valencia S.Coop.,Sí,Independiente,Ingeniero industrial,295
2021-02-05,Grupo Jiménez S.A.,Sí,Dependiente,Inspector de policía,296
2022-10-29,Banca Privada Arjona & Asociados S.Com.,No,Independiente,Encuadernador,297
2024-01-02,Comercializadora TX S.A.T.,No,Dependiente,"Modelo de moda, arte y publicidad",298
2020-02-06,Contreras y asociados S.A.,No,Independiente,Director de teatro,299
2022-07-22,Bosch y Ochoa S.L.N.E,No,Independiente,Trabajador agropecuario de subsistencia,300
2020-09-06,Marti & Asociados S.L.,Sí,Dependiente,Operador de instalaciones de procesamiento de metales,301
2021-02-24,Familia Villalonga S.A.,Sí,Independiente,Ggeofísico,302
2023-01-22,Desarrollo Paredes y asociados S.L.L.,Sí,Independiente,Operario de la elaboración de productos lácteos,303
2021-01-22,Minería Españolas S.L.,Sí,Dependiente,Programador de aplicaciones,304
2024-06-23,Macaria Blasco Carmona S.L.N.E,Sí,Dependiente,Operador de instalaciones de procesamiento de metales,305
2022-12-11,María Cristina Dávila Tomé S.L.,No,Independiente,Agente de empleo,306
2020-11-19,Suministros YR S.L.L.,No,Independiente,Guía de turismo,307
2022-06-19,Construcción Prado S.L.,No,Dependiente,Sociólogo,308
2021-10-13,Inmobiliaria del Norte S.A.,Sí,Independiente,Bombero,309
2023-12-15,Manufacturas Ballesteros y asociados S.L.N.E,No,Independiente,Asistente fisioterapeuta,310
2021-08-26,Construcción RY S.L.N.E,Sí,Independiente,Miembro de las fuerzas armadas,311
2021-10-28,Grupo Garrido S.L.N.E,Sí,Dependiente,Chef,312
2021-10-27,Hnos Polo S.L.,No,Dependiente,Deportista,313
2021-10-11,Inmobiliaria HQJ S.Coop.,Sí,Independiente,Historiador,314
2024-01-15,Vidal y asociados S.Coop.,No,Dependiente,Asistente veterinario,315
2023-05-09,Coronado & Asociados S.L.L.,Sí,Dependiente,Regulador y operador de máquinas y herramientas,316
2020-01-03,Bastida & Asociados S.A.,Sí,Dependiente,Técnico en documentación sanitaria,317
2024-06-09,Promociones Avanzadas S.A.,No,Dependiente,Moldeador y machero,318
2022-06-27,Uría y Gil S.A.T.,Sí,Independiente,Conductor de tranvía,319
2024-02-06,Odalys Peláez Navas S.L.,Sí,Dependiente,Deshollinador,320
2022-02-06,Mulet y Abad S.C.P,Sí,Independiente,"Director de empresas de abastecimiento, distribución y afines",321
2020-12-04,Inversiones BKJA S.L.N.E,Sí,Dependiente,Conductor de tranvía,322
2020-06-08,Marín y Aranda S.A.,No,Independiente,"Operador de máquinas de preparación de fibras, hilado y devanado",323
2022-07-02,Consultoría Iberia S.A.,No,Dependiente,Trabajador agrícola de subsistencia,324
2022-05-06,Gervasio Balaguer Chaparro S.L.,No,Independiente,Dentista,325
2021-01-23,Fausto Flor Pintor S.Coop.,No,Dependiente,Recolector de basura y material reciclable,326
2022-12-19,Desarrollo Integrales S.L.,Sí,Independiente,Controlador de instalaciones de procesamiento de productos químicos,327
2020-11-28,Hermanos Batlle S.Com.,No,Dependiente,Maestro preescolar,328
2020-07-20,Tecnologías Abella S.A.,Sí,Dependiente,Patronista y cortador de tela,329
2020-08-09,Marti y asociados S.C.P,No,Dependiente,Peón de explotaciones de cultivos mixtos y ganaderos,330
2021-10-20,Suministros XWP S.L.,Sí,Independiente,Trabajador de cuidados personales en instituciones,331
2024-01-31,Desarrollo Manzanares y asociados S.L.L.,No,Dependiente,Profesor de idiomas,332
2022-10-15,Comercial UEBK S.A.,Sí,Dependiente,Secretario administrativo,333
2023-08-18,Pulido y asociados S.L.L.,No,Independiente,Fotógrafo,334
2022-05-23,Comercializadora del Norte S.Com.,No,Independiente,Director de teatro,335
2021-08-18,Minería Pla y asociados S.A.,No,Independiente,Secretario ejecutivo,336
2023-10-28,Gabaldón & Asociados S.Com.,No,Dependiente,Mecánico y reparador de motores de avión,337
2023-07-18,Banco López & Asociados S.L.N.E,Sí,Dependiente,Técnico en documentación sanitaria,338
2022-03-02,Fátima Calderón Ballesteros S.L.N.E,Sí,Dependiente,Cazador,339
2023-03-23,Industrias LI S.Coop.,Sí,Independiente,Cuidador de niños,340
2021-07-19,Fábrica Internacionales S.A.,Sí,Independiente,Diseñador de prendas,341
2021-08-26,Hotel Cardona y asociados S.A.,No,Independiente,Oficial de cubierta,342
2021-02-11,Transportes Ibérica S.L.L.,No,Dependiente,"Operador de máquinas de blanqueamiento, teñido y limpieza de tejidos",343
2022-03-18,Despacho Vera y asociados S.L.N.E,Sí,Dependiente,Aparejador,344
2023-12-11,Despacho Bonilla & Asociados S.A.,Sí,Independiente,Ebanista,345
2022-12-25,Industrias HSU S.L.,No,Dependiente,Ingeniero medioambiental,346
2023-03-10,Amor y Heras S.Coop.,No,Dependiente,Vendedor de quioscos y de puestos de mercado,347
2020-07-07,Uriarte y Heras S.A.,Sí,Independiente,Inspector medioambiental y afines,348
2023-03-25,Blasco y Ureña S.L.N.E,No,Dependiente,Asistente de venta,349
2020-02-03,Sevilla & Asociados S.A.,No,Dependiente,Entrevistador de investigaciones de mercados,350
2021-03-24,Zaragoza y Oliver S.L.N.E,Sí,Independiente,Operador de máquinas de movimiento de tierras,351
2023-07-14,Comercial Castellana S.A.,Sí,Dependiente,Laminador de vidrio,352
2023-02-23,Infraestructuras Tenorio S.A.,Sí,Dependiente,Conductor de taxis,353
2022-01-17,Ciríaco Córdoba Gutierrez S.L.,No,Independiente,"Gerente de sucursales de bancos, de servicios financieros y de seguros",354
2024-06-22,Desarrollo Blazquez S.A.,No,Dependiente,Peón de explotaciones de cultivos mixtos y ganaderos,355
2021-04-11,Cáceres & Asociados S.L.,No,Dependiente,Ingeniero mecánico,356
2021-10-17,Promociones del Mediterráneo S.Coop.,Sí,Dependiente,Auxiliar laico de las religión,357
2022-08-25,Familia Sánchez S.L.,Sí,Dependiente,Técnico en redes y sistemas de computadores,358
2024-05-10,Valero & Asociados S.L.N.E,No,Dependiente,Modisto,359
2021-10-06,Guerrero & Asociados S.A.,Sí,Dependiente,Herrero,360
2023-01-07,Banca Privada YW S.L.N.E,No,Dependiente,Asesor de inversiones,361
2024-05-26,Finanzas Losa y asociados S.L.,Sí,Independiente,Ingeniero electricista,362
2023-08-19,Talleres Reina S.A.,Sí,Independiente,Pintor y empapelador,363
2023-05-25,Transportes Vendrell S.L.N.E,No,Independiente,Operador de instalaciones de procesamiento de metales,364
2020-03-20,Hotel Comas S.L.,No,Dependiente,Soplador de vidrio,365
2021-08-23,Banca Privada Clavero & Asociados S.L.U.,No,Dependiente,Ingeniero electrónico,366
2022-01-19,Blasco y Calvet S.Com.,Sí,Independiente,Pintor y empapelador,367
2020-06-20,Andres & Asociados S.Coop.,No,Dependiente,Técnico de la Web,368
2021-05-16,Familia Cadenas S.A.,Sí,Independiente,Tapicero,369
2020-10-16,Grupo Sebastián S.L.N.E,Sí,Dependiente,"Gerente de centros deportivos, de esparcimiento y culturales",370
2022-12-21,Suministros Hidalgo y asociados S.L.,No,Dependiente,Decorador de interior,371
2023-09-29,Desarrollo Integrales S.A.,Sí,Dependiente,Personas que realizan trabajos varios,372
2024-04-16,Aurora Aliaga Aguiló S.L.N.E,Sí,Independiente,Supervisor en ingeniería de minas,373
2021-10-17,Desarrollo Aguilar S.L.L.,No,Independiente,Receptor de apuestas,374
2023-12-07,Dominga Pinedo Iñiguez S.L.,Sí,Dependiente,Conductor de autobús,375
2020-11-18,Tudela & Asociados S.L.N.E,Sí,Independiente,Diseñador gráfico,376
2021-04-21,Grupo Carbajo S.A.,No,Dependiente,Miembro de las fuerzas armadas,377
2020-01-13,Luis Sabater Linares S.A.,No,Dependiente,Guardia de protección,378
2023-08-17,Castejón & Asociados S.Com.,No,Independiente,Especialista en métodos pedagógicos,379
2020-06-08,Inmobiliaria Díez y asociados S.Com.,No,Independiente,Profesional de nivel medio en actividades culturales y artísticas,380
2024-01-17,Sancho Salvà Montalbán S.Com.,No,Dependiente,Asistente veterinario,381
2023-01-11,Tecnologías Carranza S.A.,No,Independiente,Técnico en seguridad aeronáutica,382
2020-11-10,Familia Escolano S.L.L.,No,Independiente,Ingeniero de minas,383
2020-06-12,Calvet y asociados S.Coop.,No,Dependiente,Prestamista,384
2021-07-20,Suministros Guzmán & Asociados S.Coop.,Sí,Dependiente,Agente de administración tributaria,385
2020-09-29,Comercial Bermejo & Asociados S.A.,No,Dependiente,Mecánico y ajustador electricista,386
2022-09-28,Posada y Blasco S.Com.,No,Independiente,"Modelo de moda, arte y publicidad",387
2020-08-27,Rosalinda Quirós Amat S.A.T.,Sí,Dependiente,Lingüista,388
2021-07-27,Hnos Cañizares S.C.P,Sí,Dependiente,Operador de máquinas para la fabricación de calzado,389
2022-11-08,Bermúdez y Córdoba S.L.,No,Independiente,Ayudante de odontología,390
2020-06-29,Cipriano Armengol Garcés S.L.L.,No,Dependiente,Cobrador,391
2023-08-21,Jara y Cabañas S.L.N.E,Sí,Dependiente,Cortador de vidrio,392
2022-02-02,Logística Lucas y asociados S.L.N.E,Sí,Dependiente,Vendedor puerta a puerta,393
2020-03-28,Hotel Manzano & Asociados S.L.L.,Sí,Dependiente,Director de cine,394
2021-09-21,Industrias del Noroeste S.C.P,No,Dependiente,Empleado de contabilidad y cálculo de costos,395
2020-09-01,Construcción Prada S.A.,No,Dependiente,Guía de turismo,396
2024-04-16,Mena & Asociados S.Com.,Sí,Dependiente,Platero,397
2021-08-21,Grupo Barón S.L.,No,Independiente,Técnico de la Web,398
2022-04-01,Amando Piña Vara S.A.,No,Independiente,Técnico en ciencias físicas y químicas,399
2024-02-12,Despacho Cabeza & Asociados S.Com.,No,Dependiente,Analista financiero,400
2021-06-20,Finanzas Ramirez & Asociados S.Com.,Sí,Dependiente,Agente inmobiliario,401
2020-05-30,Despacho NSBX S.Com.,No,Dependiente,Profesor de universidades y de la enseñanza superior,402
2023-02-14,Compañía Tamarit & Asociados S.A.,No,Independiente,Fotógrafo,403
2020-09-03,Vazquez y asociados S.A.,No,Independiente,Calderero,404
2023-02-04,Restauración Ibérica S.L.,Sí,Dependiente,Trabajador de explotaciones de acuicultura,405
2024-01-19,Banca Privada LPVI S.Coop.,Sí,Dependiente,Ayudante de cocina,406
2022-03-09,Farmaceútica del Norte S.A.,No,Dependiente,Educador para necesidades especiales,407
2023-04-10,Hnos Río S.A.,Sí,Independiente,Ingeniero mecánico,408
2020-11-04,Consultoría Alberola S.L.L.,Sí,Dependiente,Operador de máquinas para la fabricación de calzado,409
2021-04-23,Farmaceútica XWV S.Coop.,No,Independiente,Conductor de taxis,410
2022-04-10,Ale Esteve Niño S.A.,No,Independiente,Empleado de servicios de correos,411
2020-08-30,Donaire y Medina S.L.L.,No,Independiente,Mecánico y reparador de máquinas agrícolas e industriales,412
2020-02-15,Suministros Castellana S.A.U,No,Dependiente,Técnico en optometría y ópticos,413
2020-06-21,Ros & Asociados S.A.U,No,Independiente,Abogado,414
2021-10-14,Despacho Pazos S.L.,No,Dependiente,Médico general,415
2022-01-16,Servicios Cárdenas & Asociados S.Coop.,No,Independiente,"Operador de máquinas de preparación de fibras, hilado y devanado",416
2020-07-07,Loida Daza Higueras S.L.N.E,No,Dependiente,Técnico en electrónica,417
2021-05-16,Manuel Infante Domingo S.A.,Sí,Independiente,Técnico forestal,418
2022-12-29,Rodolfo Montaña Solano S.L.,No,Independiente,Árbitro deportivo,419
2020-06-22,Hnos Quesada S.Coop.,No,Independiente,Sociólogo,420
2020-07-18,Finanzas Ibérica S.A.,Sí,Independiente,Agrónomo,421
2021-01-09,Consultoría Gual S.L.,Sí,Independiente,Cajero de banco,422
2022-04-29,Minería Sarmiento y asociados S.Com.,Sí,Dependiente,Peletero,423
2020-03-18,Menendez & Asociados S.L.N.E,Sí,Dependiente,"Operador de máquinas de blanqueamiento, teñido y limpieza de tejidos",424
2020-08-05,Muñoz y Ramírez S.C.P,Sí,Independiente,Operador de instalaciones para la preparación de pasta para papel y papel,425
2023-02-04,Ruperto Naranjo Barriga S.Coop.,No,Dependiente,Policías,426
2021-05-28,Fábrica del Sur S.Coop.,No,Dependiente,Patronista y cortador de tela,427
2020-05-05,Porfirio Báez Alarcón S.Coop.,Sí,Independiente,Profesional de ventas técnicas y médicas,428
2020-03-07,Nerea Casal Soria S.Coop.,No,Independiente,Clasificador de productos,429
2021-04-20,Inversiones WRQK S.Com.,No,Independiente,Perforador y sondista de pozos,430
2021-09-16,Supermercados AFQS S.A.,No,Dependiente,Guía de turismo,431
2020-11-07,Soluciones Pino y asociados S.Coop.,No,Independiente,Grabador de piedra,432
2020-05-10,Despacho Pedro S.L.U.,Sí,Dependiente,Labrante,433
2023-09-18,Calleja y Gelabert S.Coop.,No,Independiente,Secretario jurídicos,434
2024-04-11,Adrián Rocamora Sastre S.Com.,No,Independiente,Conductor de taxis,435
2023-01-16,Téllez y Crespo S.L.,No,Dependiente,Director financiero,436
2020-06-13,Bernardino Amador Mendoza S.A.T.,Sí,Dependiente,Clasificador de productos,437
2022-06-14,Albero y Bermudez S.L.,Sí,Independiente,Techador,438
2022-02-20,Farmaceútica del Noroeste S.A.,Sí,Dependiente,Especialista en formación del personal,439
2021-03-03,Grupo Caro S.A.,Sí,Dependiente,"Director de empresas de abastecimiento, distribución y afines",440
2021-09-29,Portero y Sanabria S.A.,No,Independiente,Ingeniero civil,441
2020-04-26,Grupo Amigó S.Com.,Sí,Dependiente,Profesional de nivel medio de servicios estadísticos o matemáticos,442
2021-01-03,Supermercados Españolas S.L.N.E,No,Independiente,Tasador,443
2023-12-21,Hermanos León S.A.,Sí,Dependiente,Zoólogo,444
2021-05-27,Hoz y Mosquera S.L.N.E,No,Dependiente,Peón forestales,445
2020-08-09,José Manuel Gordillo Esparza S.Coop.,No,Independiente,Cobrador,446
2023-09-05,Fábrica Bonet S.Com.,No,Independiente,Supervisor de secretaría,447
2023-04-15,Soluciones Vicente S.A.,No,Independiente,Entrenador deportivo,448
2021-07-17,Victor Jaén Ramirez S.L.N.E,No,Dependiente,Fisioterapeuta,449
2021-02-19,Hotel MEBJ S.L.N.E,Sí,Dependiente,Diseñador multimedia,450
2020-09-07,Vargas y asociados S.A.U,No,Dependiente,Controlador de procesos,451
2020-08-09,Flor Rosell Sánchez S.Com.,No,Dependiente,Zoólogo,452
2020-08-28,Transportes HJY S.A.,Sí,Independiente,Director de publicidad y relaciones públicas,453
2020-04-29,Infraestructuras Nicolás y asociados S.A.,Sí,Dependiente,Administrador de bases de datos,454
2022-07-05,Grupo Álvarez S.Coop.,Sí,Independiente,Grabador de piedra,455
2020-11-01,Comercializadora Estevez & Asociados S.C.P,No,Dependiente,Contable,456
2022-11-22,Asenjo & Asociados S.Com.,Sí,Independiente,Minero,457
2023-09-17,Tecnologías Castellana S.A.T.,Sí,Independiente,Tramper,458
2021-08-19,Cózar & Asociados S.A.,No,Dependiente,Trabajador social de nivel medio,459
2021-02-26,Grupo Villanueva S.L.,Sí,Independiente,Mandader,460
2020-01-12,Torrents y asociados S.L.,No,Dependiente,Operador de instalaciones de procesamiento de minerales y rocas,461
2021-12-02,Castro y asociados S.A.T.,No,Dependiente,Técnico forestal,462
2023-05-13,Ugarte y Abril S.L.,No,Independiente,Especialista en políticas de administración,463
2023-12-16,Ricardo Lastra Niño S.L.U.,Sí,Independiente,Mampostero,464
2023-02-17,Florentino Araujo Rico S.L.,No,Independiente,Especialista en políticas de administración,465
2022-12-24,Cabrero y asociados S.L.N.E,No,Dependiente,Compositor,466
2021-07-26,Suministros Almagro & Asociados S.Com.,No,Independiente,Escritor,467
2021-07-24,Lucila Mosquera Gaya S.L.N.E,No,Dependiente,Sericultor,468
2023-03-14,Fajardo & Asociados S.L.N.E,Sí,Independiente,Sociólogo,469
2022-03-28,Despacho IU S.Com.,No,Independiente,Operador de máquinas para fabricar productos de caucho,470
2021-05-19,Palau y Barreda S.Coop.,Sí,Independiente,Barrendero,471
2024-03-16,Hermanos Medina S.Com.,Sí,Dependiente,Técnico en ciencias biológicas,472
2024-04-12,Comercial Castellana S.L.,Sí,Dependiente,Cuidador de niños,473
2023-05-07,Suárez y asociados S.Com.,Sí,Dependiente,Catador de alimentos y bebidas,474
2023-11-21,Eric Barreda Fernández S.L.,No,Independiente,Instructor de autoescuela,475
2020-04-02,Servicios KP S.A.,Sí,Independiente,Controlador de plagas y malas hierbas,476
2020-06-08,Clemente y Noguera S.L.L.,No,Independiente,Compositor,477
2024-04-30,Farmaceútica SI S.Com.,Sí,Dependiente,Operador de máquinas de coser,478
2020-11-25,Fabiola Espada Huertas S.L.N.E,Sí,Dependiente,Cristalero,479
2020-12-08,Valero Delgado Zabaleta S.Coop.,No,Independiente,Director de recursos humanos,480
2020-05-25,Arnaiz y asociados S.Com.,No,Independiente,Agente de aduanas,481
2021-07-31,Iglesia y Gabaldón S.L.N.E,No,Dependiente,Técnico en asistencia al usuario de tecnología de la información y las comunicaciones,482
2023-12-23,Consultoría Fiol y asociados S.Com.,Sí,Dependiente,Director de ventas y comercialización,483
2023-09-21,Transportes Española S.A.,Sí,Dependiente,Oficial maquinistas en navegación,484
2023-06-07,Inversiones EXCY S.Com.,No,Dependiente,Empleado de archivos,485
2022-06-20,Transportes NBM S.A.,No,Dependiente,Asistente de venta,486
2020-01-23,Amaya y Costa S.A.,Sí,Dependiente,Peletero,487
2022-09-05,Julián y Riera S.L.,Sí,Dependiente,Técnico en ingeniería de minas y metalurgia,488
2020-11-20,Peña y Casas S.L.,Sí,Independiente,Impresor,489
2020-10-30,Distribuciones Oliver & Asociados S.Coop.,No,Independiente,Ebanista,490
2020-01-22,Grupo Rosado S.C.P,Sí,Independiente,Carpintero,491
2020-09-20,Santamaria & Asociados S.Com.,No,Independiente,Ingeniero civil,492
2022-01-12,Pedro y asociados S.A.,No,Dependiente,Psicólogo,493
2021-05-08,Inmobiliaria Ibérica S.L.N.E,Sí,Dependiente,Guardafrenos,494
2021-07-15,Tecnologías Castro y asociados S.Com.,Sí,Independiente,Paisajista,495
2021-02-01,Gargallo y asociados S.L.N.E,No,Independiente,Dibujante técnico,496
2020-08-18,Hermanos Lago S.Coop.,No,Independiente,Soldador y oxicortador,497
2024-06-21,Hnos Abad S.L.N.E,Sí,Independiente,Empleado de servicios de correos,498
2024-04-12,Alimentación Ayuso y asociados S.L.N.E,No,Dependiente,Operador de grúas y aparatos elevadores,499
2021-01-14,Duque & Asociados S.L.,No,Independiente,Lavandero,500
